grid_region,timestamp_hour,timestamp_day,carbon_intensity_gco2eq_per_kwh,carbon_intensity_kgco2eq_per_kwh,fossil_fuel_percentage,renewable_percentage,intensity_category,data_source
US-CA-CISO,2026-06-29 23:08:22.303454,2026-06-29,468.7611861650689,0.4687611861650689,61.692880487457145,26.12518147755783,High,Electricity Maps
US-PJM,2026-06-29 23:08:22.303454,2026-06-29,579.2641641543341,0.5792641641543341,57.7406533789339,36.06798187300302,High,Electricity Maps
GB,2026-06-29 23:08:22.303454,2026-06-29,562.5105963823905,0.5625105963823905,41.06927131113458,26.6788222240141,High,Electricity Maps
DE,2026-06-29 23:08:22.303454,2026-06-29,366.8840100580219,0.3668840100580219,45.700602962747986,26.16180450176197,Medium,Electricity Maps
US-CA-CISO,2026-06-29 22:08:22.304444,2026-06-29,420.2396812434447,0.4202396812434447,47.15228008897149,32.11790471994,High,Electricity Maps
US-PJM,2026-06-29 22:08:22.304444,2026-06-29,299.8660844186306,0.29986608441863055,56.72518192611516,45.06229852140987,Medium,Electricity Maps
GB,2026-06-29 22:08:22.304444,2026-06-29,596.577588747266,0.596577588747266,53.2301995839678,25.371388873221647,High,Electricity Maps
DE,2026-06-29 22:08:22.304444,2026-06-29,582.8194278139983,0.5828194278139983,56.96995212109058,40.687401966903344,High,Electricity Maps
US-CA-CISO,2026-06-29 21:08:22.305434,2026-06-29,415.1069340758719,0.4151069340758719,37.99145019602527,23.329019825542463,High,Electricity Maps
US-PJM,2026-06-29 21:08:22.305434,2026-06-29,447.5697718103993,0.4475697718103993,66.77708289076102,33.334625753548494,High,Electricity Maps
GB,2026-06-29 21:08:22.305434,2026-06-29,435.19736291009815,0.43519736291009814,59.56555688856106,29.175704998081983,High,Electricity Maps
DE,2026-06-29 21:08:22.305434,2026-06-29,305.5845796236989,0.3055845796236989,60.39929245115358,47.766221923784286,Medium,Electricity Maps
US-CA-CISO,2026-06-29 20:08:22.306288,2026-06-29,341.8305075130911,0.34183050751309113,40.30350131813984,36.445011908992306,Medium,Electricity Maps
US-PJM,2026-06-29 20:08:22.306288,2026-06-29,530.455078628486,0.5304550786284861,37.790599564328325,35.02083863401677,High,Electricity Maps
GB,2026-06-29 20:08:22.306288,2026-06-29,420.06665887612326,0.42006665887612327,67.11781873178606,38.547577621520624,High,Electricity Maps
DE,2026-06-29 20:08:22.306288,2026-06-29,409.07178226023757,0.40907178226023755,59.56531030618005,41.418066478986894,High,Electricity Maps
US-CA-CISO,2026-06-29 19:08:22.307235,2026-06-29,500.3308506137822,0.5003308506137822,33.89452464347469,29.16127464485465,High,Electricity Maps
US-PJM,2026-06-29 19:08:22.307235,2026-06-29,343.61064375467015,0.34361064375467015,49.358305431547855,24.63775093797401,Medium,Electricity Maps
GB,2026-06-29 19:08:22.307235,2026-06-29,357.05493583358805,0.35705493583358805,57.923337339714465,37.69252042579099,Medium,Electricity Maps
DE,2026-06-29 19:08:22.307235,2026-06-29,454.8865444587924,0.4548865444587924,49.02789052033604,39.06000565325255,High,Electricity Maps
US-CA-CISO,2026-06-29 18:08:22.30813,2026-06-29,212.82299110805414,0.21282299110805414,37.147451555606416,37.197301762812245,Medium,Electricity Maps
US-PJM,2026-06-29 18:08:22.30813,2026-06-29,227.78546957163041,0.22778546957163043,49.16178438912222,34.09118243232662,Medium,Electricity Maps
GB,2026-06-29 18:08:22.30813,2026-06-29,406.4372240535563,0.4064372240535563,63.023656560031085,39.580857674631474,High,Electricity Maps
DE,2026-06-29 18:08:22.30813,2026-06-29,501.30907887476656,0.5013090788747665,60.99531697577359,45.66025882752436,High,Electricity Maps
US-CA-CISO,2026-06-29 17:08:22.309011,2026-06-29,295.73805110704086,0.2957380511070409,52.24486424149525,26.51314346277372,Medium,Electricity Maps
US-PJM,2026-06-29 17:08:22.309011,2026-06-29,227.3691932799637,0.2273691932799637,37.4995805819476,40.7113202794425,Medium,Electricity Maps
GB,2026-06-29 17:08:22.309011,2026-06-29,246.70343788398156,0.24670343788398155,64.93726119910605,44.823083020237064,Medium,Electricity Maps
DE,2026-06-29 17:08:22.309011,2026-06-29,461.7842167298445,0.4617842167298445,50.355754358888944,40.17501888369475,High,Electricity Maps
US-CA-CISO,2026-06-29 16:08:22.309894,2026-06-29,552.3509073527969,0.5523509073527969,54.846565729876794,41.19395822454174,High,Electricity Maps
US-PJM,2026-06-29 16:08:22.309894,2026-06-29,264.95670441497873,0.2649567044149787,31.92485438676021,34.20125629328035,Medium,Electricity Maps
GB,2026-06-29 16:08:22.309894,2026-06-29,506.85008938081364,0.5068500893808137,34.28716678892227,26.647635766068873,High,Electricity Maps
DE,2026-06-29 16:08:22.309894,2026-06-29,414.9971180983147,0.4149971180983147,30.417058152611798,43.45920426957948,High,Electricity Maps
US-CA-CISO,2026-06-29 15:08:22.311038,2026-06-29,450.9639026363918,0.4509639026363918,34.68260234621156,30.93473302088868,High,Electricity Maps
US-PJM,2026-06-29 15:08:22.311038,2026-06-29,388.6545994064837,0.3886545994064837,42.45156908101484,28.323679845093096,Medium,Electricity Maps
GB,2026-06-29 15:08:22.311038,2026-06-29,284.81378708465456,0.28481378708465455,58.153102579207186,35.16154220307059,Medium,Electricity Maps
DE,2026-06-29 15:08:22.311038,2026-06-29,530.8960557605592,0.5308960557605592,34.431902161244594,31.081637782851182,High,Electricity Maps
US-CA-CISO,2026-06-29 14:08:22.312095,2026-06-29,332.6826723173057,0.3326826723173057,66.68049714599009,37.10171382596492,Medium,Electricity Maps
US-PJM,2026-06-29 14:08:22.312095,2026-06-29,458.5525128704247,0.4585525128704247,57.1473739167039,40.17963316706029,High,Electricity Maps
GB,2026-06-29 14:08:22.312095,2026-06-29,238.34657101746222,0.23834657101746223,35.060688010182524,47.02484504675405,Medium,Electricity Maps
DE,2026-06-29 14:08:22.312095,2026-06-29,566.4181130759448,0.5664181130759448,37.321485965658084,36.53191736499946,High,Electricity Maps
US-CA-CISO,2026-06-29 13:08:22.313019,2026-06-29,495.80462180536193,0.49580462180536194,53.166353237848,42.31186225245153,High,Electricity Maps
US-PJM,2026-06-29 13:08:22.313019,2026-06-29,487.7613925217985,0.4877613925217985,39.024040709371924,28.11603627270926,High,Electricity Maps
GB,2026-06-29 13:08:22.313019,2026-06-29,437.7191315882958,0.4377191315882958,48.716234217656464,23.919091569521612,High,Electricity Maps
DE,2026-06-29 13:08:22.313019,2026-06-29,285.19032640342664,0.2851903264034266,47.49613254909691,36.22688872541106,Medium,Electricity Maps
US-CA-CISO,2026-06-29 12:08:22.313892,2026-06-29,389.65034503269453,0.3896503450326945,50.08534145844307,39.94429222822018,Medium,Electricity Maps
US-PJM,2026-06-29 12:08:22.313892,2026-06-29,534.8139895328833,0.5348139895328833,30.11444068944138,20.434531069141965,High,Electricity Maps
GB,2026-06-29 12:08:22.313892,2026-06-29,469.27250703722945,0.46927250703722945,68.65866316095628,48.35929179842531,High,Electricity Maps
DE,2026-06-29 12:08:22.313892,2026-06-29,494.0142928370531,0.4940142928370531,68.2046479419067,37.893616006414604,High,Electricity Maps
US-CA-CISO,2026-06-29 11:08:22.314789,2026-06-29,593.4961884172394,0.5934961884172394,31.36965838350063,25.74005029102478,High,Electricity Maps
US-PJM,2026-06-29 11:08:22.314789,2026-06-29,347.0831804856439,0.3470831804856439,45.710522965968565,40.899601801434216,Medium,Electricity Maps
GB,2026-06-29 11:08:22.314789,2026-06-29,535.5881298388374,0.5355881298388374,32.996317011987365,40.41141109258207,High,Electricity Maps
DE,2026-06-29 11:08:22.314789,2026-06-29,502.216941229387,0.502216941229387,33.28198849557714,24.625848631534797,High,Electricity Maps
US-CA-CISO,2026-06-29 10:08:22.315695,2026-06-29,439.4747172977616,0.43947471729776155,58.232525218341685,39.10543624104343,High,Electricity Maps
US-PJM,2026-06-29 10:08:22.315695,2026-06-29,328.03045919557974,0.3280304591955797,49.97460148785756,29.667000016385348,Medium,Electricity Maps
GB,2026-06-29 10:08:22.315695,2026-06-29,205.92580102046898,0.20592580102046898,46.19963289444074,35.29140714091742,Medium,Electricity Maps
DE,2026-06-29 10:08:22.315695,2026-06-29,440.26088674150986,0.44026088674150987,49.94751450755956,40.938829035789965,High,Electricity Maps
US-CA-CISO,2026-06-29 09:08:22.316604,2026-06-29,456.6428335622978,0.45664283356229785,48.14855729025679,45.75142210599715,High,Electricity Maps
US-PJM,2026-06-29 09:08:22.316604,2026-06-29,376.94239692587905,0.37694239692587905,58.31105696542629,32.82214907091313,Medium,Electricity Maps
GB,2026-06-29 09:08:22.316604,2026-06-29,584.1275107145261,0.5841275107145262,51.6750321213851,23.52887277310463,High,Electricity Maps
DE,2026-06-29 09:08:22.316604,2026-06-29,364.4983686306042,0.3644983686306042,43.03098869365235,22.788577583523917,Medium,Electricity Maps
US-CA-CISO,2026-06-29 08:08:22.317521,2026-06-29,573.5316706983203,0.5735316706983203,58.41176435845055,47.39398269203662,High,Electricity Maps
US-PJM,2026-06-29 08:08:22.317521,2026-06-29,393.1810003329264,0.39318100033292636,48.70677861518742,36.118410081886665,Medium,Electricity Maps
GB,2026-06-29 08:08:22.317521,2026-06-29,215.17587989639097,0.21517587989639098,44.38468303525025,21.942224295533645,Medium,Electricity Maps
DE,2026-06-29 08:08:22.317521,2026-06-29,407.32225944644733,0.40732225944644734,31.02435493560381,38.226654574340586,High,Electricity Maps
US-CA-CISO,2026-06-29 07:08:22.318438,2026-06-29,292.1409691086294,0.2921409691086294,64.99470617402869,43.82412652984347,Medium,Electricity Maps
US-PJM,2026-06-29 07:08:22.318438,2026-06-29,436.56823904641044,0.43656823904641046,66.65324038839967,35.84311466991805,High,Electricity Maps
GB,2026-06-29 07:08:22.318438,2026-06-29,433.9941758538381,0.4339941758538381,58.91053335656434,48.19223666380441,High,Electricity Maps
DE,2026-06-29 07:08:22.318438,2026-06-29,539.677976536158,0.539677976536158,56.415252847983766,31.667963463131702,High,Electricity Maps
US-CA-CISO,2026-06-29 06:08:22.319286,2026-06-29,516.8054465446385,0.5168054465446384,46.829995752881516,28.30788483796031,High,Electricity Maps
US-PJM,2026-06-29 06:08:22.319286,2026-06-29,291.1122329741561,0.29111223297415606,39.11240619657161,40.3165653133116,Medium,Electricity Maps
GB,2026-06-29 06:08:22.319286,2026-06-29,214.48662752910744,0.21448662752910744,59.32508506521245,46.86546512446588,Medium,Electricity Maps
DE,2026-06-29 06:08:22.319286,2026-06-29,370.00051961569716,0.37000051961569713,48.546697612552194,23.782945127607366,Medium,Electricity Maps
US-CA-CISO,2026-06-29 05:08:22.320123,2026-06-29,519.8296779734701,0.5198296779734701,54.010275100707624,40.75738324675501,High,Electricity Maps
US-PJM,2026-06-29 05:08:22.320123,2026-06-29,354.96378319334735,0.35496378319334737,69.26679614833557,41.891087049961556,Medium,Electricity Maps
GB,2026-06-29 05:08:22.320123,2026-06-29,329.3406203912019,0.32934062039120193,62.98477011644816,26.197520218593606,Medium,Electricity Maps
DE,2026-06-29 05:08:22.320123,2026-06-29,590.0082527518871,0.5900082527518871,50.450523776188255,24.61136789149832,High,Electricity Maps
US-CA-CISO,2026-06-29 04:08:22.320974,2026-06-29,387.5698776086484,0.3875698776086484,47.74667923867897,49.09703391707633,Medium,Electricity Maps
US-PJM,2026-06-29 04:08:22.320974,2026-06-29,580.1568593305,0.5801568593305,55.40419724574902,47.87673532443228,High,Electricity Maps
GB,2026-06-29 04:08:22.320974,2026-06-29,364.4861957776586,0.3644861957776586,34.84064620604172,32.20012524429115,Medium,Electricity Maps
DE,2026-06-29 04:08:22.320974,2026-06-29,436.4822790375007,0.4364822790375007,64.51110851522051,34.85003718898827,High,Electricity Maps
US-CA-CISO,2026-06-29 03:08:22.321788,2026-06-29,321.2831189577595,0.32128311895775946,45.61726535250081,42.28536982324243,Medium,Electricity Maps
US-PJM,2026-06-29 03:08:22.321788,2026-06-29,444.7825502543905,0.4447825502543905,60.83727032583579,23.577579165045776,High,Electricity Maps
GB,2026-06-29 03:08:22.321788,2026-06-29,318.3256927436381,0.3183256927436381,61.16383913283474,31.75028149150629,Medium,Electricity Maps
DE,2026-06-29 03:08:22.321788,2026-06-29,320.67282668415265,0.32067282668415265,59.7760070378535,30.4601886603024,Medium,Electricity Maps
US-CA-CISO,2026-06-29 02:08:22.322673,2026-06-29,301.2429374169361,0.30124293741693614,43.74060845457084,35.88143108994474,Medium,Electricity Maps
US-PJM,2026-06-29 02:08:22.322673,2026-06-29,573.3941041277972,0.5733941041277971,53.236369227675404,42.697146954333945,High,Electricity Maps
GB,2026-06-29 02:08:22.322673,2026-06-29,579.7641186338128,0.5797641186338128,53.3835372695767,22.554953407848817,High,Electricity Maps
DE,2026-06-29 02:08:22.322673,2026-06-29,538.4599419970666,0.5384599419970666,34.643300818116394,31.226844336733652,High,Electricity Maps
US-CA-CISO,2026-06-29 01:08:22.323824,2026-06-29,351.881344336688,0.351881344336688,58.51731106133615,26.58110987940777,Medium,Electricity Maps
US-PJM,2026-06-29 01:08:22.323824,2026-06-29,572.2584248011844,0.5722584248011845,49.35017062519623,36.443595877267484,High,Electricity Maps
GB,2026-06-29 01:08:22.323824,2026-06-29,286.54859882662447,0.2865485988266245,49.88641278061544,43.12572213977679,Medium,Electricity Maps
DE,2026-06-29 01:08:22.323824,2026-06-29,218.33022879675283,0.21833022879675285,69.49992260047718,25.743586988689472,Medium,Electricity Maps
US-CA-CISO,2026-06-29 00:08:22.325132,2026-06-29,556.905720732858,0.5569057207328579,43.17146732262853,33.937172833774234,High,Electricity Maps
US-PJM,2026-06-29 00:08:22.325132,2026-06-29,344.01163818863097,0.34401163818863095,42.597139455590806,36.03065707041264,Medium,Electricity Maps
GB,2026-06-29 00:08:22.325132,2026-06-29,404.29784717454766,0.40429784717454764,67.86541543485156,48.016704762765386,High,Electricity Maps
DE,2026-06-29 00:08:22.325132,2026-06-29,470.15436460963724,0.4701543646096372,62.57327708659093,40.38291506670953,High,Electricity Maps
US-CA-CISO,2026-06-28 23:08:22.326101,2026-06-28,326.07394514839365,0.32607394514839366,61.9130057541754,27.166012384316495,Medium,Electricity Maps
US-PJM,2026-06-28 23:08:22.326101,2026-06-28,488.75109674234636,0.48875109674234635,58.54035573031054,24.122119809037798,High,Electricity Maps
GB,2026-06-28 23:08:22.326101,2026-06-28,527.5564273587954,0.5275564273587954,56.554772402398484,41.63421922571648,High,Electricity Maps
DE,2026-06-28 23:08:22.326101,2026-06-28,412.8470241062451,0.4128470241062451,64.34968092129873,20.963148817713915,High,Electricity Maps
US-CA-CISO,2026-06-28 22:08:22.326991,2026-06-28,355.53998671258574,0.35553998671258574,58.54445081464911,38.56407491224961,Medium,Electricity Maps
US-PJM,2026-06-28 22:08:22.326991,2026-06-28,270.83201029839904,0.27083201029839904,52.98812132058508,26.97666853580428,Medium,Electricity Maps
GB,2026-06-28 22:08:22.326991,2026-06-28,446.73311158926083,0.4467331115892608,55.25858887634891,31.85620579996028,High,Electricity Maps
DE,2026-06-28 22:08:22.326991,2026-06-28,416.9140007654848,0.4169140007654848,49.4470798276018,34.899672496456375,High,Electricity Maps
US-CA-CISO,2026-06-28 21:08:22.327909,2026-06-28,262.6018938382707,0.2626018938382707,42.071327966597686,24.1574581030625,Medium,Electricity Maps
US-PJM,2026-06-28 21:08:22.327909,2026-06-28,209.84338804652657,0.20984338804652658,62.82379717411159,24.851250994587506,Medium,Electricity Maps
GB,2026-06-28 21:08:22.327909,2026-06-28,218.76865503104565,0.21876865503104564,56.60756224540759,36.8013111816803,Medium,Electricity Maps
DE,2026-06-28 21:08:22.327909,2026-06-28,557.1702788468713,0.5571702788468713,58.42852703863074,36.29772464776043,High,Electricity Maps
US-CA-CISO,2026-06-28 20:08:22.328782,2026-06-28,413.7064198485451,0.4137064198485451,41.88606442322113,41.478759528360484,High,Electricity Maps
US-PJM,2026-06-28 20:08:22.328782,2026-06-28,274.35717501630916,0.27435717501630913,51.96018741228912,23.004160958880647,Medium,Electricity Maps
GB,2026-06-28 20:08:22.328782,2026-06-28,338.7214412227702,0.3387214412227702,60.11348144374844,30.138615932956082,Medium,Electricity Maps
DE,2026-06-28 20:08:22.328782,2026-06-28,216.50235722597375,0.21650235722597375,33.80473004058609,40.71366997208983,Medium,Electricity Maps
US-CA-CISO,2026-06-28 19:08:22.32963,2026-06-28,307.36126751236156,0.3073612675123616,66.0190412479904,29.800875097590307,Medium,Electricity Maps
US-PJM,2026-06-28 19:08:22.32963,2026-06-28,449.6039661942725,0.4496039661942725,55.49466431149931,20.236752764600215,High,Electricity Maps
GB,2026-06-28 19:08:22.32963,2026-06-28,209.8919296738061,0.2098919296738061,45.965516656540856,44.130611381491505,Medium,Electricity Maps
DE,2026-06-28 19:08:22.32963,2026-06-28,315.95670358486325,0.3159567035848633,52.37387196180059,34.45550471543655,Medium,Electricity Maps
US-CA-CISO,2026-06-28 18:08:22.330499,2026-06-28,256.2077731293444,0.2562077731293444,37.55881763188339,30.399598585363627,Medium,Electricity Maps
US-PJM,2026-06-28 18:08:22.330499,2026-06-28,305.30456582363814,0.30530456582363813,66.22080249845152,35.44169034946972,Medium,Electricity Maps
GB,2026-06-28 18:08:22.330499,2026-06-28,237.36175470092542,0.2373617547009254,41.628308495686994,29.270211513670475,Medium,Electricity Maps
DE,2026-06-28 18:08:22.330499,2026-06-28,238.70000738660818,0.23870000738660818,54.382015413606524,48.17844543101742,Medium,Electricity Maps
US-CA-CISO,2026-06-28 17:08:22.331407,2026-06-28,515.4673943233591,0.5154673943233592,53.32917825426101,35.47633070764158,High,Electricity Maps
US-PJM,2026-06-28 17:08:22.331407,2026-06-28,341.6723645909407,0.3416723645909407,50.26251507385226,32.25101066272233,Medium,Electricity Maps
GB,2026-06-28 17:08:22.331407,2026-06-28,553.3202595776239,0.5533202595776239,68.8780093462258,47.24323770691442,High,Electricity Maps
DE,2026-06-28 17:08:22.331407,2026-06-28,558.2601847822175,0.5582601847822175,61.75693563057561,43.112056229713296,High,Electricity Maps
US-CA-CISO,2026-06-28 16:08:22.332274,2026-06-28,390.33050842354317,0.39033050842354317,67.03647742497327,32.02111011059307,Medium,Electricity Maps
US-PJM,2026-06-28 16:08:22.332274,2026-06-28,340.1066754018681,0.34010667540186806,40.792204856980504,49.17443597453163,Medium,Electricity Maps
GB,2026-06-28 16:08:22.332274,2026-06-28,513.8649816352722,0.5138649816352722,45.24304793746039,34.313968022302184,High,Electricity Maps
DE,2026-06-28 16:08:22.332274,2026-06-28,278.29226037650363,0.2782922603765036,46.543337100681335,37.1039348109558,Medium,Electricity Maps
US-CA-CISO,2026-06-28 15:08:22.333141,2026-06-28,575.0740423652894,0.5750740423652894,65.4450477934455,25.085215129622824,High,Electricity Maps
US-PJM,2026-06-28 15:08:22.333141,2026-06-28,300.4257562052045,0.3004257562052045,63.953459297800386,47.73588991669311,Medium,Electricity Maps
GB,2026-06-28 15:08:22.333141,2026-06-28,273.02600915001574,0.27302600915001574,62.63364015188709,47.60938555706002,Medium,Electricity Maps
DE,2026-06-28 15:08:22.333141,2026-06-28,540.6508653066584,0.5406508653066584,43.36536109919831,27.43410165147681,High,Electricity Maps
US-CA-CISO,2026-06-28 14:08:22.334219,2026-06-28,441.22624078954004,0.44122624078954004,48.49255003844194,29.433569169799675,High,Electricity Maps
US-PJM,2026-06-28 14:08:22.334219,2026-06-28,451.7156172191509,0.4517156172191509,31.334578950162157,25.552421338552886,High,Electricity Maps
GB,2026-06-28 14:08:22.334219,2026-06-28,459.53183756367395,0.45953183756367394,32.80473214894817,47.989398441329065,High,Electricity Maps
DE,2026-06-28 14:08:22.334219,2026-06-28,204.4332435146366,0.2044332435146366,36.42017242597404,31.05529281197797,Medium,Electricity Maps
US-CA-CISO,2026-06-28 13:08:22.335126,2026-06-28,300.0791453329068,0.3000791453329068,36.60053789184493,38.74158878039571,Medium,Electricity Maps
US-PJM,2026-06-28 13:08:22.335126,2026-06-28,520.2547256242406,0.5202547256242406,64.63224914167151,30.869525523037385,High,Electricity Maps
GB,2026-06-28 13:08:22.335126,2026-06-28,351.4396060431025,0.35143960604310254,50.37014951937819,46.01271545620301,Medium,Electricity Maps
DE,2026-06-28 13:08:22.335126,2026-06-28,456.11864874065844,0.45611864874065844,53.32797786267314,20.576599802406374,High,Electricity Maps
US-CA-CISO,2026-06-28 12:08:22.335998,2026-06-28,487.4680749326364,0.4874680749326364,30.820800403568782,41.74694670159218,High,Electricity Maps
US-PJM,2026-06-28 12:08:22.335998,2026-06-28,377.6134836813867,0.3776134836813867,31.748179384780883,25.312190764240988,Medium,Electricity Maps
GB,2026-06-28 12:08:22.335998,2026-06-28,389.7081750878482,0.38970817508784816,36.01106077968759,25.51833435600086,Medium,Electricity Maps
DE,2026-06-28 12:08:22.335998,2026-06-28,409.10564838688083,0.40910564838688085,31.211852061158286,23.52036006261283,High,Electricity Maps
US-CA-CISO,2026-06-28 11:08:22.336865,2026-06-28,523.5032694721831,0.5235032694721831,68.5378801952844,23.364639246827103,High,Electricity Maps
US-PJM,2026-06-28 11:08:22.336865,2026-06-28,593.2127184084763,0.5932127184084763,49.599149983671055,25.22260322672128,High,Electricity Maps
GB,2026-06-28 11:08:22.336865,2026-06-28,259.3189593931317,0.2593189593931317,33.83771225554743,28.860811738508584,Medium,Electricity Maps
DE,2026-06-28 11:08:22.336865,2026-06-28,246.60576613140157,0.24660576613140156,50.9284177784598,42.35630776412442,Medium,Electricity Maps
US-CA-CISO,2026-06-28 10:08:22.337784,2026-06-28,469.44169410727403,0.46944169410727404,37.24786358494607,22.696565985344957,High,Electricity Maps
US-PJM,2026-06-28 10:08:22.337784,2026-06-28,529.5729800697923,0.5295729800697923,59.43680828893145,21.124132263259533,High,Electricity Maps
GB,2026-06-28 10:08:22.337784,2026-06-28,520.3992612919141,0.520399261291914,54.34270829386123,23.786337758084827,High,Electricity Maps
DE,2026-06-28 10:08:22.337784,2026-06-28,553.4744882760106,0.5534744882760105,62.659716046028194,41.048176959746776,High,Electricity Maps
US-CA-CISO,2026-06-28 09:08:22.338713,2026-06-28,359.4424352462379,0.35944243524623787,65.14641099888044,41.01403208811436,Medium,Electricity Maps
US-PJM,2026-06-28 09:08:22.338713,2026-06-28,374.62447368412677,0.37462447368412677,45.797905328675434,34.97910586972154,Medium,Electricity Maps
GB,2026-06-28 09:08:22.338713,2026-06-28,567.3808510538565,0.5673808510538565,43.19938991027521,32.08784513450185,High,Electricity Maps
DE,2026-06-28 09:08:22.338713,2026-06-28,566.427440151966,0.566427440151966,60.3240490896899,35.224169697199315,High,Electricity Maps
US-CA-CISO,2026-06-28 08:08:22.339575,2026-06-28,225.04373075771542,0.22504373075771542,44.5290546555172,27.52355956806514,Medium,Electricity Maps
US-PJM,2026-06-28 08:08:22.339575,2026-06-28,338.0506963800396,0.3380506963800396,59.4669082796244,31.354941120622087,Medium,Electricity Maps
GB,2026-06-28 08:08:22.339575,2026-06-28,495.01617375420403,0.49501617375420404,62.110272981922776,43.23922114750684,High,Electricity Maps
DE,2026-06-28 08:08:22.339575,2026-06-28,269.3744144975539,0.2693744144975539,53.1127197573828,41.158251603795314,Medium,Electricity Maps
US-CA-CISO,2026-06-28 07:08:22.340519,2026-06-28,289.61484450617144,0.2896148445061714,46.74788411233781,42.02283370166151,Medium,Electricity Maps
US-PJM,2026-06-28 07:08:22.340519,2026-06-28,409.1080646337057,0.4091080646337057,54.62028487822046,23.216960945270788,High,Electricity Maps
GB,2026-06-28 07:08:22.340519,2026-06-28,394.8927788145812,0.39489277881458124,50.69021160555896,26.352484015635035,Medium,Electricity Maps
DE,2026-06-28 07:08:22.340519,2026-06-28,589.0931035433287,0.5890931035433287,52.69958283198207,31.783100924599932,High,Electricity Maps
US-CA-CISO,2026-06-28 06:08:22.341401,2026-06-28,289.84344801264933,0.28984344801264933,30.787722675625844,23.17420040124104,Medium,Electricity Maps
US-PJM,2026-06-28 06:08:22.341401,2026-06-28,416.2463640674082,0.41624636406740817,62.055625225418126,34.84865813437919,High,Electricity Maps
GB,2026-06-28 06:08:22.341401,2026-06-28,436.89904087486434,0.43689904087486436,61.780058099431514,22.83730242084915,High,Electricity Maps
DE,2026-06-28 06:08:22.341401,2026-06-28,377.9024316814025,0.37790243168140253,33.781982579323966,45.54428775637051,Medium,Electricity Maps
US-CA-CISO,2026-06-28 05:08:22.342507,2026-06-28,338.8946242675804,0.33889462426758044,63.28213261788956,48.89448447140861,Medium,Electricity Maps
US-PJM,2026-06-28 05:08:22.342507,2026-06-28,562.0316569582526,0.5620316569582526,59.413519530845214,20.08515974454419,High,Electricity Maps
GB,2026-06-28 05:08:22.342507,2026-06-28,534.9622346684747,0.5349622346684747,45.20738157047606,24.553930648837625,High,Electricity Maps
DE,2026-06-28 05:08:22.342507,2026-06-28,514.3407070185224,0.5143407070185224,69.55797083593589,35.91753975461897,High,Electricity Maps
US-CA-CISO,2026-06-28 04:08:22.34352,2026-06-28,333.03029515563185,0.3330302951556319,49.594809556517205,43.6652665481404,Medium,Electricity Maps
US-PJM,2026-06-28 04:08:22.34352,2026-06-28,427.359170078847,0.427359170078847,33.54120944755756,23.31086044348542,High,Electricity Maps
GB,2026-06-28 04:08:22.34352,2026-06-28,399.9847551493724,0.39998475514937243,65.39410993793857,35.39146975166963,Medium,Electricity Maps
DE,2026-06-28 04:08:22.34352,2026-06-28,562.5254595916591,0.5625254595916591,62.48691694352231,45.21269044090281,High,Electricity Maps
US-CA-CISO,2026-06-28 03:08:22.345155,2026-06-28,595.4111172939985,0.5954111172939984,31.997477273935342,35.71263653301246,High,Electricity Maps
US-PJM,2026-06-28 03:08:22.345155,2026-06-28,547.7237593873618,0.5477237593873618,34.66920833253844,24.38003805614568,High,Electricity Maps
GB,2026-06-28 03:08:22.345155,2026-06-28,404.7631468942372,0.4047631468942372,36.80667498542229,33.30983714433548,High,Electricity Maps
DE,2026-06-28 03:08:22.345155,2026-06-28,393.99358368826813,0.39399358368826815,45.79673175643785,27.61407485079178,Medium,Electricity Maps
US-CA-CISO,2026-06-28 02:08:22.346307,2026-06-28,309.2436812156052,0.3092436812156052,62.99385131981246,44.379434513234806,Medium,Electricity Maps
US-PJM,2026-06-28 02:08:22.346307,2026-06-28,566.3431728872775,0.5663431728872775,58.71768492919657,49.791566682042394,High,Electricity Maps
GB,2026-06-28 02:08:22.346307,2026-06-28,240.89108702922738,0.24089108702922737,69.41454634175044,33.936269440603425,Medium,Electricity Maps
DE,2026-06-28 02:08:22.346307,2026-06-28,331.55445135898447,0.3315544513589845,46.20790416407723,36.53654590782463,Medium,Electricity Maps
US-CA-CISO,2026-06-28 01:08:22.351599,2026-06-28,253.0927965141148,0.2530927965141148,63.829306255153725,24.291351750603823,Medium,Electricity Maps
US-PJM,2026-06-28 01:08:22.351599,2026-06-28,425.0599357129705,0.4250599357129705,69.48641189111368,41.368439744230116,High,Electricity Maps
GB,2026-06-28 01:08:22.351599,2026-06-28,537.7253597798845,0.5377253597798844,49.58816654426656,22.210694884065504,High,Electricity Maps
DE,2026-06-28 01:08:22.351599,2026-06-28,445.59077707210736,0.44559077707210737,32.871889887666946,46.352652362256066,High,Electricity Maps
US-CA-CISO,2026-06-28 00:08:22.357391,2026-06-28,553.3164397005785,0.5533164397005785,36.41958368904231,43.96507807678216,High,Electricity Maps
US-PJM,2026-06-28 00:08:22.357391,2026-06-28,353.2919411131064,0.3532919411131064,62.90865407391283,35.72756858642099,Medium,Electricity Maps
GB,2026-06-28 00:08:22.357391,2026-06-28,568.3191471686521,0.5683191471686521,41.729721002451136,47.564893843498766,High,Electricity Maps
DE,2026-06-28 00:08:22.357391,2026-06-28,586.4062989106178,0.5864062989106178,65.44114378664526,26.714315999935717,High,Electricity Maps
US-CA-CISO,2026-06-27 23:08:22.359886,2026-06-27,571.101469616029,0.571101469616029,49.70069665262315,36.9855969340564,High,Electricity Maps
US-PJM,2026-06-27 23:08:22.359886,2026-06-27,318.7144954094461,0.3187144954094461,59.09671733236527,25.460300310323888,Medium,Electricity Maps
GB,2026-06-27 23:08:22.359886,2026-06-27,289.6203948011679,0.2896203948011679,69.54544057770471,45.54631537139983,Medium,Electricity Maps
DE,2026-06-27 23:08:22.359886,2026-06-27,307.56627251731936,0.3075662725173194,41.59735146478532,25.877031469490134,Medium,Electricity Maps
US-CA-CISO,2026-06-27 22:08:22.364709,2026-06-27,221.4915450555351,0.22149154505553512,36.67993275297628,39.03522901999659,Medium,Electricity Maps
US-PJM,2026-06-27 22:08:22.364709,2026-06-27,384.12478092227263,0.38412478092227265,44.623501736876214,49.08225907961965,Medium,Electricity Maps
GB,2026-06-27 22:08:22.364709,2026-06-27,509.9563661995965,0.5099563661995965,63.74447211619688,49.602822183596594,High,Electricity Maps
DE,2026-06-27 22:08:22.364709,2026-06-27,306.15627384703555,0.30615627384703553,45.22962771428243,36.75499553746431,Medium,Electricity Maps
US-CA-CISO,2026-06-27 21:08:22.368583,2026-06-27,359.6172771447199,0.35961727714471986,42.28570790036197,45.050233106487724,Medium,Electricity Maps
US-PJM,2026-06-27 21:08:22.368583,2026-06-27,490.9585262606561,0.49095852626065606,63.30155334787762,24.951027773497696,High,Electricity Maps
GB,2026-06-27 21:08:22.368583,2026-06-27,391.08175325395143,0.39108175325395145,36.939069537873536,30.987739534334068,Medium,Electricity Maps
DE,2026-06-27 21:08:22.368583,2026-06-27,358.3583610553635,0.3583583610553635,45.5550405389303,26.852488858102557,Medium,Electricity Maps
US-CA-CISO,2026-06-27 20:08:22.37024,2026-06-27,441.8442460250585,0.4418442460250585,51.39163589778498,43.90951366364379,High,Electricity Maps
US-PJM,2026-06-27 20:08:22.37024,2026-06-27,438.6908883260143,0.4386908883260143,59.0027741204059,34.77820174806337,High,Electricity Maps
GB,2026-06-27 20:08:22.37024,2026-06-27,454.9389696065817,0.4549389696065817,64.5178069496039,47.911092029194926,High,Electricity Maps
DE,2026-06-27 20:08:22.37024,2026-06-27,407.41090622711175,0.40741090622711174,68.2929404223167,20.500614470640443,High,Electricity Maps
US-CA-CISO,2026-06-27 19:08:22.371405,2026-06-27,392.0416197302451,0.3920416197302451,38.64032540950453,22.217691390695478,Medium,Electricity Maps
US-PJM,2026-06-27 19:08:22.371405,2026-06-27,352.58966087628517,0.3525896608762852,58.85410845668794,36.03546287492136,Medium,Electricity Maps
GB,2026-06-27 19:08:22.371405,2026-06-27,597.075527826195,0.597075527826195,55.26414665088271,24.299216619396745,High,Electricity Maps
DE,2026-06-27 19:08:22.371405,2026-06-27,592.8226892645941,0.5928226892645941,68.0027219440909,28.8438469418315,High,Electricity Maps
US-CA-CISO,2026-06-27 18:08:22.372302,2026-06-27,208.69629102445364,0.20869629102445364,63.08840651993681,22.32783953481153,Medium,Electricity Maps
US-PJM,2026-06-27 18:08:22.372302,2026-06-27,486.6032045685257,0.48660320456852574,31.374821726601503,48.13331364815282,High,Electricity Maps
GB,2026-06-27 18:08:22.372302,2026-06-27,542.2280261249052,0.5422280261249053,47.90048411676917,27.74358383412501,High,Electricity Maps
DE,2026-06-27 18:08:22.372302,2026-06-27,325.9403649273495,0.3259403649273495,65.66375647733912,24.687827006192638,Medium,Electricity Maps
US-CA-CISO,2026-06-27 17:08:22.373423,2026-06-27,516.6763223007158,0.5166763223007158,37.64270626572328,43.411605201556945,High,Electricity Maps
US-PJM,2026-06-27 17:08:22.373423,2026-06-27,566.2688998231149,0.5662688998231149,41.25661397520715,35.09877741035365,High,Electricity Maps
GB,2026-06-27 17:08:22.373423,2026-06-27,431.6505434425483,0.43165054344254833,50.39762176988646,27.3741327318256,High,Electricity Maps
DE,2026-06-27 17:08:22.373423,2026-06-27,302.1538602823425,0.30215386028234253,35.532568636121226,25.396255375909043,Medium,Electricity Maps
US-CA-CISO,2026-06-27 16:08:22.376274,2026-06-27,451.9848826378453,0.4519848826378453,64.99659930837099,21.886096345225027,High,Electricity Maps
US-PJM,2026-06-27 16:08:22.376274,2026-06-27,223.7563764967879,0.2237563764967879,60.06727644298938,22.382994044514458,Medium,Electricity Maps
GB,2026-06-27 16:08:22.376274,2026-06-27,316.9286748214379,0.3169286748214379,53.824738045735266,33.2157018704915,Medium,Electricity Maps
DE,2026-06-27 16:08:22.376274,2026-06-27,515.9788435992423,0.5159788435992423,54.95902086981632,44.75784564332025,High,Electricity Maps
US-CA-CISO,2026-06-27 15:08:22.377556,2026-06-27,241.80329274302338,0.24180329274302337,69.5288758447436,23.028499503201342,Medium,Electricity Maps
US-PJM,2026-06-27 15:08:22.377556,2026-06-27,249.60328103659322,0.2496032810365932,33.23604735043263,44.87570669314353,Medium,Electricity Maps
GB,2026-06-27 15:08:22.377556,2026-06-27,383.48447341467045,0.38348447341467046,35.670697490448774,31.42898735785402,Medium,Electricity Maps
DE,2026-06-27 15:08:22.377556,2026-06-27,332.8082707220709,0.3328082707220709,40.88233602708578,39.192481649094816,Medium,Electricity Maps
US-CA-CISO,2026-06-27 14:08:22.378833,2026-06-27,363.76348870404183,0.36376348870404185,34.632514240408526,28.246567717160943,Medium,Electricity Maps
US-PJM,2026-06-27 14:08:22.378833,2026-06-27,250.20072134222858,0.2502007213422286,33.53496297859088,20.107211869252573,Medium,Electricity Maps
GB,2026-06-27 14:08:22.378833,2026-06-27,290.2696110736546,0.29026961107365457,39.982827516553925,37.585896132529484,Medium,Electricity Maps
DE,2026-06-27 14:08:22.378833,2026-06-27,524.6124323424948,0.5246124323424948,31.23604215916384,45.7244662830655,High,Electricity Maps
US-CA-CISO,2026-06-27 13:08:22.379804,2026-06-27,488.78906109482006,0.48878906109482007,64.78186320957536,41.620556953234455,High,Electricity Maps
US-PJM,2026-06-27 13:08:22.379804,2026-06-27,232.00025177826308,0.23200025177826308,46.98060849379752,30.374636621709705,Medium,Electricity Maps
GB,2026-06-27 13:08:22.379804,2026-06-27,301.50155330393096,0.30150155330393097,52.47298246922009,43.11606867280391,Medium,Electricity Maps
DE,2026-06-27 13:08:22.379804,2026-06-27,254.7327807008702,0.2547327807008702,33.34993834585162,28.77688963150892,Medium,Electricity Maps
US-CA-CISO,2026-06-27 12:08:22.380711,2026-06-27,381.5434420111203,0.3815434420111203,39.99335149422548,48.685187082795245,Medium,Electricity Maps
US-PJM,2026-06-27 12:08:22.380711,2026-06-27,272.569770406454,0.27256977040645397,49.30252918327493,48.919246123537164,Medium,Electricity Maps
GB,2026-06-27 12:08:22.380711,2026-06-27,557.9029722337591,0.5579029722337591,32.644078477735256,39.317668942834246,High,Electricity Maps
DE,2026-06-27 12:08:22.380711,2026-06-27,292.67777111483394,0.29267777111483395,66.61813725766055,42.88001046532506,Medium,Electricity Maps
US-CA-CISO,2026-06-27 11:08:22.3816,2026-06-27,493.2831868683086,0.4932831868683086,41.964109384487784,22.698241447470625,High,Electricity Maps
US-PJM,2026-06-27 11:08:22.3816,2026-06-27,520.3390175081668,0.5203390175081668,69.4310169949135,43.001571359743764,High,Electricity Maps
GB,2026-06-27 11:08:22.3816,2026-06-27,546.4502576011254,0.5464502576011254,62.81395130168462,35.272351553569024,High,Electricity Maps
DE,2026-06-27 11:08:22.3816,2026-06-27,500.39379492074613,0.5003937949207461,52.41976650013059,37.95103857040601,High,Electricity Maps
US-CA-CISO,2026-06-27 10:08:22.382617,2026-06-27,360.89340481671707,0.36089340481671706,38.5333415313935,26.097836940645266,Medium,Electricity Maps
US-PJM,2026-06-27 10:08:22.382617,2026-06-27,234.70087003422105,0.23470087003422105,52.20270635686276,48.41848127312228,Medium,Electricity Maps
GB,2026-06-27 10:08:22.382617,2026-06-27,508.4577219079554,0.5084577219079554,33.578227195522736,35.838589874493266,High,Electricity Maps
DE,2026-06-27 10:08:22.382617,2026-06-27,559.603681483662,0.5596036814836619,60.97236002878472,23.12643254582036,High,Electricity Maps
US-CA-CISO,2026-06-27 09:08:22.383508,2026-06-27,495.59883230397924,0.4955988323039792,62.26950431944494,45.264753032356914,High,Electricity Maps
US-PJM,2026-06-27 09:08:22.383508,2026-06-27,492.24214381078156,0.4922421438107816,50.791619731307684,38.99022781892418,High,Electricity Maps
GB,2026-06-27 09:08:22.383508,2026-06-27,287.46752425952786,0.2874675242595279,36.40006698644318,22.230064384077618,Medium,Electricity Maps
DE,2026-06-27 09:08:22.383508,2026-06-27,498.62661039635185,0.49862661039635187,52.60264364833347,28.89528996159737,High,Electricity Maps
US-CA-CISO,2026-06-27 08:08:22.384459,2026-06-27,497.7351876262269,0.49773518762622687,35.703314210268296,34.1978223206033,High,Electricity Maps
US-PJM,2026-06-27 08:08:22.384459,2026-06-27,436.0762532141772,0.4360762532141772,42.79299151548662,31.77237520762303,High,Electricity Maps
GB,2026-06-27 08:08:22.384459,2026-06-27,315.71403062370746,0.31571403062370745,66.91208620828328,48.52373043639628,Medium,Electricity Maps
DE,2026-06-27 08:08:22.384459,2026-06-27,231.46383417567273,0.23146383417567273,44.164574259314975,29.114493491038466,Medium,Electricity Maps
US-CA-CISO,2026-06-27 07:08:22.385348,2026-06-27,512.8738122644723,0.5128738122644724,36.5689263817839,28.233932648146677,High,Electricity Maps
US-PJM,2026-06-27 07:08:22.385348,2026-06-27,244.96272409832898,0.24496272409832898,45.191587718179704,31.805919105903588,Medium,Electricity Maps
GB,2026-06-27 07:08:22.385348,2026-06-27,273.0878925606962,0.2730878925606962,50.86946991835057,42.03594222421313,Medium,Electricity Maps
DE,2026-06-27 07:08:22.385348,2026-06-27,432.1373733711747,0.4321373733711747,42.96743912297963,49.16776155138489,High,Electricity Maps
US-CA-CISO,2026-06-27 06:08:22.386272,2026-06-27,490.1940084414155,0.49019400844141553,39.257521666640386,46.709901722897776,High,Electricity Maps
US-PJM,2026-06-27 06:08:22.386272,2026-06-27,576.9183209694514,0.5769183209694514,56.66335913168284,30.33329271147287,High,Electricity Maps
GB,2026-06-27 06:08:22.386272,2026-06-27,249.24810840552806,0.24924810840552805,48.62941129240468,30.650203094196726,Medium,Electricity Maps
DE,2026-06-27 06:08:22.386272,2026-06-27,337.5204993272465,0.33752049932724654,60.59909737873711,34.79189981824026,Medium,Electricity Maps
US-CA-CISO,2026-06-27 05:08:22.387176,2026-06-27,411.0480742266442,0.4110480742266442,59.94425083178428,26.570060374685035,High,Electricity Maps
US-PJM,2026-06-27 05:08:22.387176,2026-06-27,250.8196190046168,0.2508196190046168,38.22301589339868,43.126410761423934,Medium,Electricity Maps
GB,2026-06-27 05:08:22.387176,2026-06-27,595.6254951524627,0.5956254951524627,52.53912852215244,49.25878275112966,High,Electricity Maps
DE,2026-06-27 05:08:22.387176,2026-06-27,523.090690965347,0.523090690965347,47.80884350934491,36.549115505804124,High,Electricity Maps
US-CA-CISO,2026-06-27 04:08:22.388194,2026-06-27,575.1770144499009,0.5751770144499009,69.51103151523243,31.596119668000952,High,Electricity Maps
US-PJM,2026-06-27 04:08:22.388194,2026-06-27,432.96852735175116,0.4329685273517512,44.414035495985146,27.51974412486483,High,Electricity Maps
GB,2026-06-27 04:08:22.388194,2026-06-27,458.7924060558007,0.45879240605580074,51.40345451490678,44.75260179615174,High,Electricity Maps
DE,2026-06-27 04:08:22.388194,2026-06-27,558.4849746798582,0.5584849746798581,45.94418721581813,48.77402651683313,High,Electricity Maps
US-CA-CISO,2026-06-27 03:08:22.38909,2026-06-27,262.4199960676201,0.2624199960676201,63.19028899706074,24.987690984973906,Medium,Electricity Maps
US-PJM,2026-06-27 03:08:22.38909,2026-06-27,338.92581334119234,0.3389258133411923,68.27918315454764,29.868821176710178,Medium,Electricity Maps
GB,2026-06-27 03:08:22.38909,2026-06-27,465.9372859477947,0.4659372859477947,47.155226275657505,38.65134943044007,High,Electricity Maps
DE,2026-06-27 03:08:22.38909,2026-06-27,407.6609693916291,0.4076609693916291,42.90918033282124,42.08540010152755,High,Electricity Maps
US-CA-CISO,2026-06-27 02:08:22.389953,2026-06-27,428.5209649178067,0.42852096491780667,58.01740053589023,38.19692960067151,High,Electricity Maps
US-PJM,2026-06-27 02:08:22.389953,2026-06-27,321.74564991294324,0.32174564991294324,37.039789524799815,49.76756887587489,Medium,Electricity Maps
GB,2026-06-27 02:08:22.389953,2026-06-27,248.9880319643121,0.2489880319643121,63.78250826282757,24.992606189051646,Medium,Electricity Maps
DE,2026-06-27 02:08:22.389953,2026-06-27,512.5074210062457,0.5125074210062458,51.80034362916602,24.731483032330086,High,Electricity Maps
US-CA-CISO,2026-06-27 01:08:22.390895,2026-06-27,333.5478834885414,0.3335478834885414,55.26122807153293,45.08354018124792,Medium,Electricity Maps
US-PJM,2026-06-27 01:08:22.390895,2026-06-27,518.7808923596424,0.5187808923596424,35.91464087615904,25.009473276127405,High,Electricity Maps
GB,2026-06-27 01:08:22.390895,2026-06-27,513.4854061902425,0.5134854061902425,68.6919351241894,49.319896291449155,High,Electricity Maps
DE,2026-06-27 01:08:22.390895,2026-06-27,232.78513234878392,0.23278513234878392,41.97476897087756,44.04664994694559,Medium,Electricity Maps
US-CA-CISO,2026-06-27 00:08:22.391812,2026-06-27,318.03478056472534,0.31803478056472534,46.88115077115692,32.37884468247073,Medium,Electricity Maps
US-PJM,2026-06-27 00:08:22.391812,2026-06-27,305.15851313111864,0.30515851313111864,38.435132990783366,28.39664451622906,Medium,Electricity Maps
GB,2026-06-27 00:08:22.391812,2026-06-27,374.3042348904803,0.3743042348904803,55.89771289022245,33.705878597133044,Medium,Electricity Maps
DE,2026-06-27 00:08:22.391812,2026-06-27,365.6296609909235,0.36562966099092353,48.02362213698851,37.81820419044807,Medium,Electricity Maps
US-CA-CISO,2026-06-26 23:08:22.392806,2026-06-26,401.5414849047653,0.4015414849047653,55.08533607528942,41.15867149257363,High,Electricity Maps
US-PJM,2026-06-26 23:08:22.392806,2026-06-26,241.83031974236354,0.24183031974236355,67.44347437199806,38.036526207061655,Medium,Electricity Maps
GB,2026-06-26 23:08:22.392806,2026-06-26,346.734929539784,0.34673492953978396,42.201011066408064,46.74746281986204,Medium,Electricity Maps
DE,2026-06-26 23:08:22.392806,2026-06-26,563.8120160938439,0.5638120160938439,67.90112828146583,24.448660179631382,High,Electricity Maps
US-CA-CISO,2026-06-26 22:08:22.393679,2026-06-26,549.1460553333206,0.5491460553333206,53.80387696935202,42.36650151712034,High,Electricity Maps
US-PJM,2026-06-26 22:08:22.393679,2026-06-26,470.7746113018715,0.47077461130187154,43.81612857368774,41.456774664588224,High,Electricity Maps
GB,2026-06-26 22:08:22.393679,2026-06-26,463.26769883308833,0.4632676988330883,42.313745243013244,36.45012362911667,High,Electricity Maps
DE,2026-06-26 22:08:22.393679,2026-06-26,322.3963136120822,0.3223963136120822,64.40180886661949,37.41229774864263,Medium,Electricity Maps
US-CA-CISO,2026-06-26 21:08:22.394596,2026-06-26,549.6846442442975,0.5496846442442975,65.14541287683421,49.83984257571672,High,Electricity Maps
US-PJM,2026-06-26 21:08:22.394596,2026-06-26,583.9492005838374,0.5839492005838374,62.1744538070693,27.830100773720254,High,Electricity Maps
GB,2026-06-26 21:08:22.394596,2026-06-26,354.48399428642864,0.3544839942864286,45.74356411932793,44.39239079756037,Medium,Electricity Maps
DE,2026-06-26 21:08:22.394596,2026-06-26,559.5224860721414,0.5595224860721414,57.90852768246601,41.44654759443528,High,Electricity Maps
US-CA-CISO,2026-06-26 20:08:22.395488,2026-06-26,421.274292879949,0.421274292879949,50.97649225222816,22.009214885011378,High,Electricity Maps
US-PJM,2026-06-26 20:08:22.395488,2026-06-26,596.7577377840299,0.59675773778403,62.281632192180226,24.72689419933146,High,Electricity Maps
GB,2026-06-26 20:08:22.395488,2026-06-26,217.8324789137946,0.2178324789137946,63.6080522035263,28.38612550092713,Medium,Electricity Maps
DE,2026-06-26 20:08:22.395488,2026-06-26,212.88500261299595,0.21288500261299595,35.677729668509386,48.33745754409502,Medium,Electricity Maps
US-CA-CISO,2026-06-26 19:08:22.39655,2026-06-26,424.1065672166073,0.4241065672166073,67.45911399362853,29.187927910218406,High,Electricity Maps
US-PJM,2026-06-26 19:08:22.39655,2026-06-26,218.72012745394824,0.21872012745394823,61.743110665577014,21.452685728543656,Medium,Electricity Maps
GB,2026-06-26 19:08:22.39655,2026-06-26,361.7343312033454,0.3617343312033454,55.89895989751031,36.78846593449135,Medium,Electricity Maps
DE,2026-06-26 19:08:22.39655,2026-06-26,431.10162853816917,0.4311016285381692,69.5965042111728,26.27875516395848,High,Electricity Maps
US-CA-CISO,2026-06-26 18:08:22.397462,2026-06-26,442.5985258338029,0.44259852583380294,32.38104565732688,32.04325709196084,High,Electricity Maps
US-PJM,2026-06-26 18:08:22.397462,2026-06-26,302.0995231355579,0.3020995231355579,48.76011454902917,47.87976266259251,Medium,Electricity Maps
GB,2026-06-26 18:08:22.397462,2026-06-26,304.9924607012092,0.3049924607012092,44.3438251594788,39.250838331736176,Medium,Electricity Maps
DE,2026-06-26 18:08:22.397462,2026-06-26,581.663139736557,0.581663139736557,57.58188013782724,24.96558942595315,High,Electricity Maps
US-CA-CISO,2026-06-26 17:08:22.39851,2026-06-26,246.09164168085962,0.24609164168085962,61.76097756827853,40.180418679676535,Medium,Electricity Maps
US-PJM,2026-06-26 17:08:22.39851,2026-06-26,375.38583735223335,0.37538583735223335,55.07566146540005,33.567298932114426,Medium,Electricity Maps
GB,2026-06-26 17:08:22.39851,2026-06-26,383.7295392963615,0.3837295392963615,57.25178510348418,26.799680690704918,Medium,Electricity Maps
DE,2026-06-26 17:08:22.39851,2026-06-26,269.00205742557944,0.2690020574255794,44.76786201391193,39.0056463182776,Medium,Electricity Maps
US-CA-CISO,2026-06-26 16:08:22.39948,2026-06-26,401.991850950987,0.401991850950987,59.420674411895675,42.47889018008409,High,Electricity Maps
US-PJM,2026-06-26 16:08:22.39948,2026-06-26,532.2934645644526,0.5322934645644526,43.20569551859669,34.38435269763177,High,Electricity Maps
GB,2026-06-26 16:08:22.39948,2026-06-26,238.26840704252805,0.23826840704252805,58.47316171197082,23.105290025285534,Medium,Electricity Maps
DE,2026-06-26 16:08:22.39948,2026-06-26,361.7935666953256,0.3617935666953256,69.91323409213264,29.81068779612611,Medium,Electricity Maps
US-CA-CISO,2026-06-26 15:08:22.400367,2026-06-26,342.92426042940326,0.34292426042940327,68.42578747514098,22.57262107011155,Medium,Electricity Maps
US-PJM,2026-06-26 15:08:22.400367,2026-06-26,557.2016313742015,0.5572016313742015,45.95714130746032,27.70608681202925,High,Electricity Maps
GB,2026-06-26 15:08:22.400367,2026-06-26,378.4922622127638,0.37849226221276383,54.289662595271466,21.083315041040944,Medium,Electricity Maps
DE,2026-06-26 15:08:22.400367,2026-06-26,597.9282170284918,0.5979282170284917,53.66077187523024,24.934724035534803,High,Electricity Maps
US-CA-CISO,2026-06-26 14:08:22.401272,2026-06-26,263.2164843824664,0.26321648438246636,45.48677705526483,28.632851666598974,Medium,Electricity Maps
US-PJM,2026-06-26 14:08:22.401272,2026-06-26,309.4196646769243,0.3094196646769243,51.31973235419486,29.549846467960975,Medium,Electricity Maps
GB,2026-06-26 14:08:22.401272,2026-06-26,481.3102244747093,0.4813102244747093,65.68730944932133,48.84838346174495,High,Electricity Maps
DE,2026-06-26 14:08:22.401272,2026-06-26,255.09361180295332,0.2550936118029533,60.65296492804222,37.63462948500471,Medium,Electricity Maps
US-CA-CISO,2026-06-26 13:08:22.402168,2026-06-26,457.42865662857207,0.4574286566285721,57.747370478824024,25.602905564682985,High,Electricity Maps
US-PJM,2026-06-26 13:08:22.402168,2026-06-26,520.6999013414877,0.5206999013414877,39.50475236445091,33.322729423209964,High,Electricity Maps
GB,2026-06-26 13:08:22.402168,2026-06-26,314.3360355082485,0.31433603550824846,55.810652114059245,30.68560372334239,Medium,Electricity Maps
DE,2026-06-26 13:08:22.402168,2026-06-26,285.5213053716342,0.28552130537163417,31.20341430188141,38.1366058698373,Medium,Electricity Maps
US-CA-CISO,2026-06-26 12:08:22.403117,2026-06-26,554.3720539885198,0.5543720539885199,64.21896359195298,47.033946294042764,High,Electricity Maps
US-PJM,2026-06-26 12:08:22.403117,2026-06-26,547.5216566336833,0.5475216566336832,59.249044832205016,42.123355391634334,High,Electricity Maps
GB,2026-06-26 12:08:22.403117,2026-06-26,432.3020686730128,0.4323020686730128,45.14185136040976,47.10276925341374,High,Electricity Maps
DE,2026-06-26 12:08:22.403117,2026-06-26,550.029555324099,0.5500295553240989,54.942567541174014,23.34501997616418,High,Electricity Maps
US-CA-CISO,2026-06-26 11:08:22.404248,2026-06-26,393.7670146748346,0.3937670146748346,51.02602571601471,45.549501883169,Medium,Electricity Maps
US-PJM,2026-06-26 11:08:22.404248,2026-06-26,557.589314235603,0.557589314235603,41.7506992805194,49.701022441796056,High,Electricity Maps
GB,2026-06-26 11:08:22.404248,2026-06-26,357.76070302634116,0.35776070302634116,48.014584560358585,29.14342506692958,Medium,Electricity Maps
DE,2026-06-26 11:08:22.404248,2026-06-26,367.63328828017717,0.36763328828017716,53.17537625271342,22.705205808100477,Medium,Electricity Maps
US-CA-CISO,2026-06-26 10:08:22.405298,2026-06-26,312.65578584065975,0.31265578584065973,48.61689668017695,25.43469236435846,Medium,Electricity Maps
US-PJM,2026-06-26 10:08:22.405298,2026-06-26,542.5511349526273,0.5425511349526273,33.14503980849066,30.713292848796005,High,Electricity Maps
GB,2026-06-26 10:08:22.405298,2026-06-26,420.6350995102275,0.42063509951022754,62.71875375416801,46.16802098609544,High,Electricity Maps
DE,2026-06-26 10:08:22.405298,2026-06-26,238.8651697898131,0.23886516978981312,44.316287443903846,36.55868130216137,Medium,Electricity Maps
US-CA-CISO,2026-06-26 09:08:22.406195,2026-06-26,455.37151285015966,0.45537151285015964,52.74658207034947,41.134703476350055,High,Electricity Maps
US-PJM,2026-06-26 09:08:22.406195,2026-06-26,376.4412493903883,0.3764412493903883,44.11610856277606,39.23236526522133,Medium,Electricity Maps
GB,2026-06-26 09:08:22.406195,2026-06-26,430.335299815257,0.430335299815257,31.525361998553212,25.769347128190766,High,Electricity Maps
DE,2026-06-26 09:08:22.406195,2026-06-26,348.21518562716557,0.3482151856271656,62.22379114370123,37.420975956978566,Medium,Electricity Maps
US-CA-CISO,2026-06-26 08:08:22.407045,2026-06-26,476.7916674623291,0.4767916674623291,40.35458573355589,23.95740278191207,High,Electricity Maps
US-PJM,2026-06-26 08:08:22.407045,2026-06-26,541.4874678364384,0.5414874678364384,38.42341561083781,29.602112004155913,High,Electricity Maps
GB,2026-06-26 08:08:22.407045,2026-06-26,343.3451452719271,0.3433451452719271,34.13832371985858,26.03629768090439,Medium,Electricity Maps
DE,2026-06-26 08:08:22.407045,2026-06-26,522.5160086888211,0.5225160086888211,50.373555046050726,49.82315835596316,High,Electricity Maps
US-CA-CISO,2026-06-26 07:08:22.407913,2026-06-26,422.27118393372797,0.422271183933728,36.36993003182408,26.33543865427989,High,Electricity Maps
US-PJM,2026-06-26 07:08:22.407913,2026-06-26,307.11449097620834,0.30711449097620835,66.44397887805272,20.790829273471665,Medium,Electricity Maps
GB,2026-06-26 07:08:22.407913,2026-06-26,375.06600328428044,0.3750660032842804,48.90224529060586,32.39356342412741,Medium,Electricity Maps
DE,2026-06-26 07:08:22.407913,2026-06-26,421.7568043198147,0.4217568043198147,41.925561198203944,27.07300741706039,High,Electricity Maps
US-CA-CISO,2026-06-26 06:08:22.408884,2026-06-26,367.24064352040665,0.36724064352040664,48.5818868434953,35.66696895541092,Medium,Electricity Maps
US-PJM,2026-06-26 06:08:22.408884,2026-06-26,329.3856427035111,0.3293856427035111,32.68503361500547,39.37330962925937,Medium,Electricity Maps
GB,2026-06-26 06:08:22.408884,2026-06-26,256.07548239461414,0.25607548239461414,64.5584480216951,41.153101845117064,Medium,Electricity Maps
DE,2026-06-26 06:08:22.408884,2026-06-26,216.66921535843807,0.21666921535843806,69.5518386272023,25.518255078642024,Medium,Electricity Maps
US-CA-CISO,2026-06-26 05:08:22.409999,2026-06-26,215.21758970816146,0.21521758970816146,39.8392035055739,41.36486558890175,Medium,Electricity Maps
US-PJM,2026-06-26 05:08:22.409999,2026-06-26,456.07121892932867,0.45607121892932867,51.5834150938982,24.84663235827474,High,Electricity Maps
GB,2026-06-26 05:08:22.409999,2026-06-26,282.9673364861536,0.28296733648615363,45.37715347936436,24.342123096443572,Medium,Electricity Maps
DE,2026-06-26 05:08:22.409999,2026-06-26,560.5406487198809,0.5605406487198809,34.55606856368347,34.31413967325863,High,Electricity Maps
US-CA-CISO,2026-06-26 04:08:22.410931,2026-06-26,421.8629833563631,0.4218629833563631,52.081647658352985,31.109112064609597,High,Electricity Maps
US-PJM,2026-06-26 04:08:22.410931,2026-06-26,255.732084532526,0.255732084532526,61.38212967422547,29.222047609373405,Medium,Electricity Maps
GB,2026-06-26 04:08:22.410931,2026-06-26,283.61030063186826,0.28361030063186826,62.3307960040389,41.739147336190904,Medium,Electricity Maps
DE,2026-06-26 04:08:22.410931,2026-06-26,545.9341441292097,0.5459341441292097,39.71864658637652,37.5041037981776,High,Electricity Maps
US-CA-CISO,2026-06-26 03:08:22.412008,2026-06-26,260.4803922630554,0.2604803922630554,49.320423158771334,31.360680203499264,Medium,Electricity Maps
US-PJM,2026-06-26 03:08:22.412008,2026-06-26,227.3434679747644,0.2273434679747644,52.195884255600184,44.81205923707039,Medium,Electricity Maps
GB,2026-06-26 03:08:22.412008,2026-06-26,342.03310975873194,0.3420331097587319,42.968572189367435,29.76465543196837,Medium,Electricity Maps
DE,2026-06-26 03:08:22.412008,2026-06-26,274.6593718828741,0.2746593718828741,34.19414524283871,27.493039828143296,Medium,Electricity Maps
US-CA-CISO,2026-06-26 02:08:22.412986,2026-06-26,529.8864393443163,0.5298864393443162,52.80684706817827,23.86588115410626,High,Electricity Maps
US-PJM,2026-06-26 02:08:22.412986,2026-06-26,590.4714035823131,0.5904714035823131,64.54677857190012,38.63746231995303,High,Electricity Maps
GB,2026-06-26 02:08:22.412986,2026-06-26,435.5998238455841,0.4355998238455841,56.04400500280871,20.75289726717118,High,Electricity Maps
DE,2026-06-26 02:08:22.412986,2026-06-26,228.46212626425225,0.22846212626425225,41.692250060696,28.81778399889056,Medium,Electricity Maps
US-CA-CISO,2026-06-26 01:08:22.41388,2026-06-26,561.4605620858127,0.5614605620858127,30.227860961931526,33.05138673122637,High,Electricity Maps
US-PJM,2026-06-26 01:08:22.41388,2026-06-26,219.39723703967377,0.21939723703967376,61.517572055575165,33.35547988408932,Medium,Electricity Maps
GB,2026-06-26 01:08:22.41388,2026-06-26,218.6888495469367,0.21868884954693668,39.18365601331547,27.190964347222263,Medium,Electricity Maps
DE,2026-06-26 01:08:22.41388,2026-06-26,360.81871802452685,0.36081871802452686,60.99219291204433,36.15992790637755,Medium,Electricity Maps
US-CA-CISO,2026-06-26 00:08:22.414728,2026-06-26,307.5204542303211,0.3075204542303211,53.044148364369754,34.099221670037466,Medium,Electricity Maps
US-PJM,2026-06-26 00:08:22.414728,2026-06-26,443.4205138126824,0.4434205138126824,53.48764401094177,38.43144561739045,High,Electricity Maps
GB,2026-06-26 00:08:22.414728,2026-06-26,585.5330459156758,0.5855330459156758,36.68383314527802,33.054975071907485,High,Electricity Maps
DE,2026-06-26 00:08:22.414728,2026-06-26,434.5429297817135,0.4345429297817135,46.33468837027915,32.7707961069255,High,Electricity Maps
US-CA-CISO,2026-06-25 23:08:22.415853,2026-06-25,239.21163038776237,0.23921163038776236,48.89938674394158,27.13487751540625,Medium,Electricity Maps
US-PJM,2026-06-25 23:08:22.415853,2026-06-25,467.8765949723266,0.4678765949723266,52.49711397005371,31.69984956033589,High,Electricity Maps
GB,2026-06-25 23:08:22.415853,2026-06-25,367.5346706605326,0.3675346706605326,64.77368277368362,22.90548673943468,Medium,Electricity Maps
DE,2026-06-25 23:08:22.415853,2026-06-25,554.2396682155768,0.5542396682155768,43.2848789435609,38.5543373760214,High,Electricity Maps
US-CA-CISO,2026-06-25 22:08:22.416795,2026-06-25,465.1101695258083,0.4651101695258083,56.677394095477275,26.777883988405115,High,Electricity Maps
US-PJM,2026-06-25 22:08:22.416795,2026-06-25,419.434728462365,0.419434728462365,54.774113026291644,44.397730699409934,High,Electricity Maps
GB,2026-06-25 22:08:22.416795,2026-06-25,427.5450096900994,0.4275450096900994,38.406673141793554,30.933787422075916,High,Electricity Maps
DE,2026-06-25 22:08:22.416795,2026-06-25,522.4006560488524,0.5224006560488524,66.81184034318747,26.45817576647959,High,Electricity Maps
US-CA-CISO,2026-06-25 21:08:22.417728,2026-06-25,543.030557358966,0.543030557358966,48.895700760478995,23.51492957474525,High,Electricity Maps
US-PJM,2026-06-25 21:08:22.417728,2026-06-25,490.8994502754132,0.4908994502754132,31.109936187587742,43.04597188844798,High,Electricity Maps
GB,2026-06-25 21:08:22.417728,2026-06-25,393.3321030305356,0.3933321030305356,31.93105220683406,47.1035015143206,Medium,Electricity Maps
DE,2026-06-25 21:08:22.417728,2026-06-25,494.3304931493064,0.4943304931493064,44.60850064084141,43.676807425896385,High,Electricity Maps
US-CA-CISO,2026-06-25 20:08:22.418667,2026-06-25,348.4375977995181,0.34843759779951805,30.95584872127729,39.88914284925391,Medium,Electricity Maps
US-PJM,2026-06-25 20:08:22.418667,2026-06-25,300.4488411476674,0.3004488411476674,69.62769649276126,49.8954029271341,Medium,Electricity Maps
GB,2026-06-25 20:08:22.418667,2026-06-25,483.8854781301537,0.48388547813015365,44.090285703061035,28.856868277864464,High,Electricity Maps
DE,2026-06-25 20:08:22.418667,2026-06-25,353.25783754370735,0.3532578375437074,44.0839647243086,28.735732628031105,Medium,Electricity Maps
US-CA-CISO,2026-06-25 19:08:22.419555,2026-06-25,238.660519837136,0.23866051983713601,50.38093328176036,41.30463100108982,Medium,Electricity Maps
US-PJM,2026-06-25 19:08:22.419555,2026-06-25,481.3597091375661,0.4813597091375661,34.77584163489855,37.79377482398153,High,Electricity Maps
GB,2026-06-25 19:08:22.419555,2026-06-25,225.5365715757922,0.2255365715757922,35.88752398800678,43.91358463677659,Medium,Electricity Maps
DE,2026-06-25 19:08:22.419555,2026-06-25,357.07173945396653,0.35707173945396653,49.66307953354854,49.672163430386334,Medium,Electricity Maps
US-CA-CISO,2026-06-25 18:08:22.420423,2026-06-25,303.3717952203686,0.3033717952203686,40.841911063292144,24.999936459730648,Medium,Electricity Maps
US-PJM,2026-06-25 18:08:22.420423,2026-06-25,238.23417329021538,0.23823417329021537,58.202230244694476,48.28277841262286,Medium,Electricity Maps
GB,2026-06-25 18:08:22.420423,2026-06-25,514.8761865436645,0.5148761865436645,53.899656086477286,36.04305378985261,High,Electricity Maps
DE,2026-06-25 18:08:22.420423,2026-06-25,404.3276428358146,0.40432764283581457,65.46273929001396,25.56906798752002,High,Electricity Maps
US-CA-CISO,2026-06-25 17:08:22.421272,2026-06-25,491.6544130344458,0.4916544130344458,58.96683939754125,46.72002941944329,High,Electricity Maps
US-PJM,2026-06-25 17:08:22.421272,2026-06-25,355.737779311959,0.355737779311959,38.8185993674324,24.493180250535566,Medium,Electricity Maps
GB,2026-06-25 17:08:22.421272,2026-06-25,481.6127672522817,0.4816127672522817,68.6529067021682,45.19154440857667,High,Electricity Maps
DE,2026-06-25 17:08:22.421272,2026-06-25,465.4188208825346,0.4654188208825346,53.540640344548045,43.65886170804383,High,Electricity Maps
US-CA-CISO,2026-06-25 16:08:22.422141,2026-06-25,509.5313518969065,0.5095313518969065,36.546031167922834,44.387534024636366,High,Electricity Maps
US-PJM,2026-06-25 16:08:22.422141,2026-06-25,440.46467315256365,0.44046467315256366,56.29612555824089,47.89894115496261,High,Electricity Maps
GB,2026-06-25 16:08:22.422141,2026-06-25,551.8101854690137,0.5518101854690137,40.12008640234805,45.04694274371897,High,Electricity Maps
DE,2026-06-25 16:08:22.422141,2026-06-25,426.63124072919027,0.4266312407291903,51.025863993668295,37.631412563353834,High,Electricity Maps
US-CA-CISO,2026-06-25 15:08:22.422986,2026-06-25,393.40143533921196,0.39340143533921196,69.67321796312348,32.294797461185865,Medium,Electricity Maps
US-PJM,2026-06-25 15:08:22.422986,2026-06-25,247.72171668576047,0.24772171668576046,68.41033403548603,28.57453590964527,Medium,Electricity Maps
GB,2026-06-25 15:08:22.422986,2026-06-25,218.20172410224927,0.21820172410224928,40.319454110778345,20.07114296979625,Medium,Electricity Maps
DE,2026-06-25 15:08:22.422986,2026-06-25,267.59325356441497,0.267593253564415,53.180750173172356,49.150699641593576,Medium,Electricity Maps
US-CA-CISO,2026-06-25 14:08:22.423848,2026-06-25,314.09134859102517,0.31409134859102517,54.53164424012614,36.91189159213235,Medium,Electricity Maps
US-PJM,2026-06-25 14:08:22.423848,2026-06-25,472.5836868312085,0.47258368683120855,62.639739695656495,38.14819059257409,High,Electricity Maps
GB,2026-06-25 14:08:22.423848,2026-06-25,448.7843924399493,0.4487843924399493,51.410324438258876,30.77729630068184,High,Electricity Maps
DE,2026-06-25 14:08:22.423848,2026-06-25,244.93302535509306,0.24493302535509306,35.50701668989218,46.57639918301056,Medium,Electricity Maps
US-CA-CISO,2026-06-25 13:08:22.424697,2026-06-25,213.1470238016089,0.2131470238016089,35.98087222655919,29.994808450111975,Medium,Electricity Maps
US-PJM,2026-06-25 13:08:22.424697,2026-06-25,420.033175914039,0.42003317591403905,35.89359639024059,45.2592608798639,High,Electricity Maps
GB,2026-06-25 13:08:22.424697,2026-06-25,318.3515825402981,0.3183515825402981,65.16802140112588,26.412410440478183,Medium,Electricity Maps
DE,2026-06-25 13:08:22.424697,2026-06-25,325.7267408209429,0.3257267408209429,65.93299877496028,40.40115351419078,Medium,Electricity Maps
US-CA-CISO,2026-06-25 12:08:22.425557,2026-06-25,408.16201349407686,0.4081620134940769,38.03643105582708,29.86545468912675,High,Electricity Maps
US-PJM,2026-06-25 12:08:22.425557,2026-06-25,263.7962721990258,0.2637962721990258,55.30353970566735,26.90796466114588,Medium,Electricity Maps
GB,2026-06-25 12:08:22.425557,2026-06-25,591.7070448174337,0.5917070448174337,56.95029135334011,40.49788462265279,High,Electricity Maps
DE,2026-06-25 12:08:22.425557,2026-06-25,317.7718295506779,0.3177718295506779,35.198756467207886,36.0569040321094,Medium,Electricity Maps
US-CA-CISO,2026-06-25 11:08:22.426399,2026-06-25,410.4806611387347,0.4104806611387347,52.42501633313432,38.553794796079764,High,Electricity Maps
US-PJM,2026-06-25 11:08:22.426399,2026-06-25,277.40198653753987,0.2774019865375399,43.68707822716706,28.68900520836388,Medium,Electricity Maps
GB,2026-06-25 11:08:22.426399,2026-06-25,216.77864119740482,0.21677864119740484,37.67105994798457,34.1980113892839,Medium,Electricity Maps
DE,2026-06-25 11:08:22.426399,2026-06-25,315.70818618903496,0.31570818618903496,54.693789145717226,34.16650533215946,Medium,Electricity Maps
US-CA-CISO,2026-06-25 10:08:22.427367,2026-06-25,538.4328097645184,0.5384328097645185,43.56920366778874,37.6924525575393,High,Electricity Maps
US-PJM,2026-06-25 10:08:22.427367,2026-06-25,296.5378628873126,0.2965378628873126,34.096487751676875,25.139863311641392,Medium,Electricity Maps
GB,2026-06-25 10:08:22.427367,2026-06-25,270.92466017797904,0.27092466017797906,41.45856919812085,45.57804336657553,Medium,Electricity Maps
DE,2026-06-25 10:08:22.427367,2026-06-25,349.81783597752656,0.3498178359775266,59.27742125114524,37.58914193126557,Medium,Electricity Maps
US-CA-CISO,2026-06-25 09:08:22.428304,2026-06-25,420.8311615170824,0.42083116151708244,47.08604077022997,44.280677422319805,High,Electricity Maps
US-PJM,2026-06-25 09:08:22.428304,2026-06-25,462.2812222037724,0.46228122220377244,43.6812691577303,20.325693615798617,High,Electricity Maps
GB,2026-06-25 09:08:22.428304,2026-06-25,402.71144361449984,0.40271144361449984,53.492436477319195,26.34434156524911,High,Electricity Maps
DE,2026-06-25 09:08:22.428304,2026-06-25,469.675317915467,0.469675317915467,62.169669817254,25.761121700544503,High,Electricity Maps
US-CA-CISO,2026-06-25 08:08:22.429205,2026-06-25,461.2252435034168,0.46122524350341676,51.84577744388275,48.62928831880059,High,Electricity Maps
US-PJM,2026-06-25 08:08:22.429205,2026-06-25,283.7892299819677,0.2837892299819677,51.018442055898824,29.90708470176606,Medium,Electricity Maps
GB,2026-06-25 08:08:22.429205,2026-06-25,296.15465220104915,0.29615465220104914,45.76382734984314,20.945568393497336,Medium,Electricity Maps
DE,2026-06-25 08:08:22.429205,2026-06-25,597.5149069213924,0.5975149069213924,58.132129098994575,32.778275604813814,High,Electricity Maps
US-CA-CISO,2026-06-25 07:08:22.430104,2026-06-25,243.0155456113502,0.2430155456113502,59.06666831946431,49.88627075573898,Medium,Electricity Maps
US-PJM,2026-06-25 07:08:22.430104,2026-06-25,296.7389134985561,0.2967389134985561,48.059179852430866,41.55309302560685,Medium,Electricity Maps
GB,2026-06-25 07:08:22.430104,2026-06-25,287.1190306073519,0.2871190306073519,67.43590110497243,22.267551405997928,Medium,Electricity Maps
DE,2026-06-25 07:08:22.430104,2026-06-25,585.2513077878991,0.5852513077878991,46.06085613778133,31.170914786250407,High,Electricity Maps
US-CA-CISO,2026-06-25 06:08:22.430989,2026-06-25,368.71987142845506,0.3687198714284551,60.11623148439746,29.158293296218783,Medium,Electricity Maps
US-PJM,2026-06-25 06:08:22.430989,2026-06-25,501.8007358347291,0.5018007358347291,34.665658300038885,38.750222929622964,High,Electricity Maps
GB,2026-06-25 06:08:22.430989,2026-06-25,507.3413241110064,0.5073413241110064,55.30040904135291,30.56795848640092,High,Electricity Maps
DE,2026-06-25 06:08:22.430989,2026-06-25,410.87700362588873,0.41087700362588875,44.71388815050521,40.169514895568696,High,Electricity Maps
US-CA-CISO,2026-06-25 05:08:22.431831,2026-06-25,356.03771232274323,0.3560377123227432,67.37328575517506,29.179666946236225,Medium,Electricity Maps
US-PJM,2026-06-25 05:08:22.431831,2026-06-25,493.3841463825741,0.4933841463825741,35.60781659175381,48.79920378437937,High,Electricity Maps
GB,2026-06-25 05:08:22.431831,2026-06-25,360.7541364169358,0.3607541364169358,47.1183663868167,22.479981469374838,Medium,Electricity Maps
DE,2026-06-25 05:08:22.431831,2026-06-25,207.75761092430946,0.20775761092430947,50.416485161619846,34.08117255507574,Medium,Electricity Maps
US-CA-CISO,2026-06-25 04:08:22.432701,2026-06-25,207.79314090893718,0.20779314090893716,33.42352972241005,43.295865018875205,Medium,Electricity Maps
US-PJM,2026-06-25 04:08:22.432701,2026-06-25,242.50123282972442,0.2425012328297244,42.317199197167376,31.371239694367965,Medium,Electricity Maps
GB,2026-06-25 04:08:22.432701,2026-06-25,314.227228186895,0.31422722818689497,64.87704252426683,39.25673870584899,Medium,Electricity Maps
DE,2026-06-25 04:08:22.432701,2026-06-25,374.4136694239305,0.3744136694239305,33.34614934631158,32.45518265874498,Medium,Electricity Maps
US-CA-CISO,2026-06-25 03:08:22.433606,2026-06-25,335.51595066332015,0.33551595066332013,37.64087370366577,26.761347942170243,Medium,Electricity Maps
US-PJM,2026-06-25 03:08:22.433606,2026-06-25,480.1470632733273,0.48014706327332735,53.344115469464626,37.10331464533478,High,Electricity Maps
GB,2026-06-25 03:08:22.433606,2026-06-25,589.5702553037338,0.5895702553037337,59.62361411494672,34.11398474965806,High,Electricity Maps
DE,2026-06-25 03:08:22.433606,2026-06-25,489.4468813609892,0.4894468813609892,61.555056198240976,33.316839399612334,High,Electricity Maps
US-CA-CISO,2026-06-25 02:08:22.434536,2026-06-25,234.85476050561886,0.23485476050561885,31.208982968276842,34.81886509962341,Medium,Electricity Maps
US-PJM,2026-06-25 02:08:22.434536,2026-06-25,357.6361487734706,0.3576361487734706,31.279946812966806,29.391095482725632,Medium,Electricity Maps
GB,2026-06-25 02:08:22.434536,2026-06-25,448.6630916580833,0.4486630916580833,45.083659315353316,33.42345186572549,High,Electricity Maps
DE,2026-06-25 02:08:22.434536,2026-06-25,313.40593469584354,0.31340593469584355,37.061892252913424,41.694751601676316,Medium,Electricity Maps
US-CA-CISO,2026-06-25 01:08:22.435564,2026-06-25,392.3714236731033,0.39237142367310335,47.40614084511903,24.693915123747068,Medium,Electricity Maps
US-PJM,2026-06-25 01:08:22.435564,2026-06-25,564.2592802001614,0.5642592802001614,48.173019572437795,42.556563163003815,High,Electricity Maps
GB,2026-06-25 01:08:22.435564,2026-06-25,422.66840595044846,0.42266840595044847,44.35908298112324,29.79951184434879,High,Electricity Maps
DE,2026-06-25 01:08:22.435564,2026-06-25,362.33931814246466,0.3623393181424647,65.01057885650721,25.53968863973109,Medium,Electricity Maps
US-CA-CISO,2026-06-25 00:08:22.436482,2026-06-25,551.8261796898112,0.5518261796898112,49.10874412245537,20.940099193041494,High,Electricity Maps
US-PJM,2026-06-25 00:08:22.436482,2026-06-25,305.47987579422187,0.30547987579422187,49.82877219783666,43.46024138774779,Medium,Electricity Maps
GB,2026-06-25 00:08:22.436482,2026-06-25,378.1299205082664,0.37812992050826644,49.4703868900579,47.05066033474033,Medium,Electricity Maps
DE,2026-06-25 00:08:22.436482,2026-06-25,549.4246003359226,0.5494246003359226,47.905122803352924,23.41343434326719,High,Electricity Maps
US-CA-CISO,2026-06-24 23:08:22.437644,2026-06-24,446.023502553643,0.44602350255364304,69.36864627424546,21.86775551706985,High,Electricity Maps
US-PJM,2026-06-24 23:08:22.437644,2026-06-24,539.5595459417718,0.5395595459417718,52.44385936032558,21.548788525591988,High,Electricity Maps
GB,2026-06-24 23:08:22.437644,2026-06-24,247.53918053254188,0.24753918053254187,49.7323518668031,26.17394981446778,Medium,Electricity Maps
DE,2026-06-24 23:08:22.437644,2026-06-24,450.8967390378218,0.4508967390378218,66.52003823544109,26.558122567295133,High,Electricity Maps
US-CA-CISO,2026-06-24 22:08:22.438602,2026-06-24,544.4380048966966,0.5444380048966966,65.15868859792728,23.66987179372969,High,Electricity Maps
US-PJM,2026-06-24 22:08:22.438602,2026-06-24,515.6824026367623,0.5156824026367622,32.61997021575365,44.70913371097686,High,Electricity Maps
GB,2026-06-24 22:08:22.438602,2026-06-24,222.06605338458775,0.22206605338458774,37.54032842211926,32.94238501610865,Medium,Electricity Maps
DE,2026-06-24 22:08:22.438602,2026-06-24,582.8620015127692,0.5828620015127692,59.74108543381162,33.885112617249625,High,Electricity Maps
US-CA-CISO,2026-06-24 21:08:22.439483,2026-06-24,279.1115156558528,0.27911151565585285,43.05766442599688,24.610068019758966,Medium,Electricity Maps
US-PJM,2026-06-24 21:08:22.439483,2026-06-24,393.5304378011333,0.3935304378011333,33.491516686601116,26.28744986837246,Medium,Electricity Maps
GB,2026-06-24 21:08:22.439483,2026-06-24,545.1500872206097,0.5451500872206098,69.7041175857592,33.14036245038297,High,Electricity Maps
DE,2026-06-24 21:08:22.439483,2026-06-24,417.20772167189006,0.4172077216718901,68.07697632767386,43.316516706567526,High,Electricity Maps
US-CA-CISO,2026-06-24 20:08:22.440443,2026-06-24,365.7617251431463,0.3657617251431463,36.83126298846288,28.571591508448805,Medium,Electricity Maps
US-PJM,2026-06-24 20:08:22.440443,2026-06-24,496.25637466817454,0.49625637466817457,56.109837069276594,37.20361366166553,High,Electricity Maps
GB,2026-06-24 20:08:22.440443,2026-06-24,244.54837032027717,0.24454837032027718,38.32155698704409,41.615792254224544,Medium,Electricity Maps
DE,2026-06-24 20:08:22.440443,2026-06-24,583.9990529594462,0.5839990529594462,44.80564442231639,36.67654601560861,High,Electricity Maps
US-CA-CISO,2026-06-24 19:08:22.441452,2026-06-24,546.4527990536878,0.5464527990536878,49.817575249238615,21.740830272944567,High,Electricity Maps
US-PJM,2026-06-24 19:08:22.441452,2026-06-24,279.6638179982596,0.2796638179982596,67.02501094288152,44.49280873451788,Medium,Electricity Maps
GB,2026-06-24 19:08:22.441452,2026-06-24,336.51489601193197,0.33651489601193196,42.73146950558644,29.86042005447623,Medium,Electricity Maps
DE,2026-06-24 19:08:22.441452,2026-06-24,374.93703307231044,0.37493703307231047,51.81809440819744,27.309701490350427,Medium,Electricity Maps
US-CA-CISO,2026-06-24 18:08:22.442538,2026-06-24,328.5832288333951,0.3285832288333951,64.42245758109027,48.14813621106709,Medium,Electricity Maps
US-PJM,2026-06-24 18:08:22.442538,2026-06-24,397.9024442854188,0.3979024442854188,69.09179144087386,28.386503437200016,Medium,Electricity Maps
GB,2026-06-24 18:08:22.442538,2026-06-24,320.74809018486997,0.32074809018486994,35.3494191354772,46.27779829038427,Medium,Electricity Maps
DE,2026-06-24 18:08:22.442538,2026-06-24,435.71519700260023,0.43571519700260025,41.774095969145584,28.34763762712264,High,Electricity Maps
US-CA-CISO,2026-06-24 17:08:22.443511,2026-06-24,402.1307480712677,0.4021307480712677,36.54922358858058,27.32978050240259,High,Electricity Maps
US-PJM,2026-06-24 17:08:22.443511,2026-06-24,276.87087918340285,0.27687087918340286,55.14072608596122,34.385254289583926,Medium,Electricity Maps
GB,2026-06-24 17:08:22.443511,2026-06-24,419.3992296936577,0.41939922969365767,31.31821029827016,37.6794100637223,High,Electricity Maps
DE,2026-06-24 17:08:22.443511,2026-06-24,443.3949499414192,0.4433949499414192,40.863858623454696,39.34559108418895,High,Electricity Maps
US-CA-CISO,2026-06-24 16:08:22.44447,2026-06-24,214.45748516987436,0.21445748516987437,30.0463998847737,44.88186375918511,Medium,Electricity Maps
US-PJM,2026-06-24 16:08:22.44447,2026-06-24,336.11874314469844,0.3361187431446984,61.14170622691443,45.84801940579137,Medium,Electricity Maps
GB,2026-06-24 16:08:22.44447,2026-06-24,515.3258614796109,0.5153258614796109,49.261923742802196,41.28021344747499,High,Electricity Maps
DE,2026-06-24 16:08:22.44447,2026-06-24,435.7972140860326,0.4357972140860326,68.72046123183198,47.75850643931469,High,Electricity Maps
US-CA-CISO,2026-06-24 15:08:22.445347,2026-06-24,312.6424628775927,0.31264246287759273,67.96327290595426,26.66871451321408,Medium,Electricity Maps
US-PJM,2026-06-24 15:08:22.445347,2026-06-24,219.8309954881292,0.21983099548812918,31.21700824298471,24.95997365829281,Medium,Electricity Maps
GB,2026-06-24 15:08:22.445347,2026-06-24,271.4982763333443,0.2714982763333443,62.2297107281062,48.49095477385231,Medium,Electricity Maps
DE,2026-06-24 15:08:22.445347,2026-06-24,226.96925300641567,0.22696925300641568,60.53635402024369,45.18177172160136,Medium,Electricity Maps
US-CA-CISO,2026-06-24 14:08:22.446609,2026-06-24,389.8200355166863,0.3898200355166863,45.697430846785636,48.45563074208792,Medium,Electricity Maps
US-PJM,2026-06-24 14:08:22.446609,2026-06-24,251.3079778503557,0.2513079778503557,59.708163498923895,38.49266166323771,Medium,Electricity Maps
GB,2026-06-24 14:08:22.446609,2026-06-24,250.69313342230856,0.2506931334223086,62.032822614356114,26.756029341930958,Medium,Electricity Maps
DE,2026-06-24 14:08:22.446609,2026-06-24,543.5440904299442,0.5435440904299441,33.2397920304677,49.00750375246115,High,Electricity Maps
US-CA-CISO,2026-06-24 13:08:22.447539,2026-06-24,200.98343797344575,0.20098343797344576,35.563742537955115,43.198729288480784,Medium,Electricity Maps
US-PJM,2026-06-24 13:08:22.447539,2026-06-24,204.47708597580103,0.20447708597580103,68.6639186887349,26.538087657020647,Medium,Electricity Maps
GB,2026-06-24 13:08:22.447539,2026-06-24,434.34817174100465,0.43434817174100465,69.95091475964043,46.86642430220622,High,Electricity Maps
DE,2026-06-24 13:08:22.447539,2026-06-24,359.20795091296304,0.35920795091296304,48.12613215376396,32.40878198334353,Medium,Electricity Maps
US-CA-CISO,2026-06-24 12:08:22.448424,2026-06-24,237.1266588933193,0.2371266588933193,48.30431801692524,23.284948599709903,Medium,Electricity Maps
US-PJM,2026-06-24 12:08:22.448424,2026-06-24,345.16085443346526,0.3451608544334653,56.21074255131852,35.51592556703541,Medium,Electricity Maps
GB,2026-06-24 12:08:22.448424,2026-06-24,301.1587604444787,0.30115876044447865,40.36781945321938,45.987290900922495,Medium,Electricity Maps
DE,2026-06-24 12:08:22.448424,2026-06-24,510.4631977545411,0.5104631977545411,34.724021255446125,37.19933627771192,High,Electricity Maps
US-CA-CISO,2026-06-24 11:08:22.449368,2026-06-24,583.6906186731317,0.5836906186731317,47.84774430735452,48.7627758389143,High,Electricity Maps
US-PJM,2026-06-24 11:08:22.449368,2026-06-24,487.89090028406645,0.48789090028406645,68.69825155429729,32.66604688617651,High,Electricity Maps
GB,2026-06-24 11:08:22.449368,2026-06-24,286.80180787502877,0.2868018078750288,61.296912463394285,40.803052700011364,Medium,Electricity Maps
DE,2026-06-24 11:08:22.449368,2026-06-24,472.680647927641,0.47268064792764103,46.747651667034305,23.796227232093983,High,Electricity Maps
US-CA-CISO,2026-06-24 10:08:22.450336,2026-06-24,296.10397871187024,0.2961039787118702,47.79583381743242,31.00323719504877,Medium,Electricity Maps
US-PJM,2026-06-24 10:08:22.450336,2026-06-24,578.9942206064331,0.5789942206064331,32.58622515050612,24.909557250272414,High,Electricity Maps
GB,2026-06-24 10:08:22.450336,2026-06-24,236.1418117934896,0.23614181179348961,49.96936853909489,35.661059252441255,Medium,Electricity Maps
DE,2026-06-24 10:08:22.450336,2026-06-24,355.54883178974785,0.35554883178974783,47.117485543546294,23.144966350310014,Medium,Electricity Maps
US-CA-CISO,2026-06-24 09:08:22.451308,2026-06-24,546.6927464320415,0.5466927464320416,34.358367967546194,34.036160503132876,High,Electricity Maps
US-PJM,2026-06-24 09:08:22.451308,2026-06-24,307.1551630774586,0.3071551630774586,49.47951351664204,30.426953916196886,Medium,Electricity Maps
GB,2026-06-24 09:08:22.451308,2026-06-24,359.35055789470766,0.35935055789470766,43.02451600430226,20.672396408954274,Medium,Electricity Maps
DE,2026-06-24 09:08:22.451308,2026-06-24,290.19763646820496,0.29019763646820496,32.82623614191146,48.7035156282372,Medium,Electricity Maps
US-CA-CISO,2026-06-24 08:08:22.452205,2026-06-24,415.0294369072465,0.41502943690724653,58.453646084731474,33.905613858911835,High,Electricity Maps
US-PJM,2026-06-24 08:08:22.452205,2026-06-24,421.5048468191119,0.4215048468191119,61.17388272811347,37.37646115335596,High,Electricity Maps
GB,2026-06-24 08:08:22.452205,2026-06-24,372.74139427905664,0.3727413942790566,32.6505085965214,48.864983001887396,Medium,Electricity Maps
DE,2026-06-24 08:08:22.452205,2026-06-24,255.48623844886777,0.25548623844886775,60.13940801716777,21.379465876804737,Medium,Electricity Maps
US-CA-CISO,2026-06-24 07:08:22.453235,2026-06-24,321.30466835890417,0.32130466835890414,50.76923914631095,20.15404214231424,Medium,Electricity Maps
US-PJM,2026-06-24 07:08:22.453235,2026-06-24,472.2198234491557,0.4722198234491557,36.171628273445044,44.00838729583717,High,Electricity Maps
GB,2026-06-24 07:08:22.453235,2026-06-24,538.2852230670543,0.5382852230670543,65.18159129553842,32.52588933603147,High,Electricity Maps
DE,2026-06-24 07:08:22.453235,2026-06-24,269.8763477355012,0.26987634773550123,44.8653900652074,24.298186252461605,Medium,Electricity Maps
US-CA-CISO,2026-06-24 06:08:22.45432,2026-06-24,351.22706183497974,0.35122706183497976,63.08835847956264,23.430225303653327,Medium,Electricity Maps
US-PJM,2026-06-24 06:08:22.45432,2026-06-24,251.58876405899125,0.2515887640589912,44.864244271399656,26.65376974181443,Medium,Electricity Maps
GB,2026-06-24 06:08:22.45432,2026-06-24,341.05978948454447,0.34105978948454446,65.24466796170964,35.54654221520134,Medium,Electricity Maps
DE,2026-06-24 06:08:22.45432,2026-06-24,493.9753756379415,0.4939753756379415,44.43439713975109,22.211004219989228,High,Electricity Maps
US-CA-CISO,2026-06-24 05:08:22.455351,2026-06-24,513.3405992971013,0.5133405992971013,33.53997766588837,32.10695650631785,High,Electricity Maps
US-PJM,2026-06-24 05:08:22.455351,2026-06-24,372.75147152566643,0.37275147152566646,48.77590773298912,27.025081795382867,Medium,Electricity Maps
GB,2026-06-24 05:08:22.455351,2026-06-24,287.12178053712125,0.28712178053712123,40.027578219440684,37.034196251088744,Medium,Electricity Maps
DE,2026-06-24 05:08:22.455351,2026-06-24,205.45227977786027,0.20545227977786026,58.35088390886531,43.35924988458101,Medium,Electricity Maps
US-CA-CISO,2026-06-24 04:08:22.456245,2026-06-24,500.8174520697166,0.5008174520697166,59.92438869292599,35.196570370018,High,Electricity Maps
US-PJM,2026-06-24 04:08:22.456245,2026-06-24,471.0320336881733,0.4710320336881733,60.353463187033896,40.235957416668974,High,Electricity Maps
GB,2026-06-24 04:08:22.456245,2026-06-24,537.4451294599744,0.5374451294599744,69.76808944799161,31.065113542058924,High,Electricity Maps
DE,2026-06-24 04:08:22.456245,2026-06-24,220.84209356386899,0.220842093563869,65.97741659467673,48.30332305832654,Medium,Electricity Maps
US-CA-CISO,2026-06-24 03:08:22.457133,2026-06-24,515.4662263354511,0.5154662263354511,30.26474228238726,38.682608021489045,High,Electricity Maps
US-PJM,2026-06-24 03:08:22.457133,2026-06-24,325.3029999220068,0.3253029999220068,52.76794576897187,43.38854627983852,Medium,Electricity Maps
GB,2026-06-24 03:08:22.457133,2026-06-24,523.101128757238,0.523101128757238,45.50325400998045,24.63201754231593,High,Electricity Maps
DE,2026-06-24 03:08:22.457133,2026-06-24,517.9544321656854,0.5179544321656854,69.50659763043281,20.567523381545993,High,Electricity Maps
US-CA-CISO,2026-06-24 02:08:22.458027,2026-06-24,393.677496225416,0.39367749622541603,69.77244208545783,35.47059645945314,Medium,Electricity Maps
US-PJM,2026-06-24 02:08:22.458027,2026-06-24,202.84272292047655,0.20284272292047656,38.66288237825809,49.809225003529384,Medium,Electricity Maps
GB,2026-06-24 02:08:22.458027,2026-06-24,273.6036265771364,0.27360362657713644,37.59759676215228,36.05848855293595,Medium,Electricity Maps
DE,2026-06-24 02:08:22.458027,2026-06-24,260.9745530930721,0.26097455309307205,39.75721376023631,23.04682211932636,Medium,Electricity Maps
US-CA-CISO,2026-06-24 01:08:22.458888,2026-06-24,510.08656851438997,0.5100865685143899,34.28846574765195,20.12871133931374,High,Electricity Maps
US-PJM,2026-06-24 01:08:22.458888,2026-06-24,229.27780309113928,0.22927780309113927,57.03333967782975,31.604774441836703,Medium,Electricity Maps
GB,2026-06-24 01:08:22.458888,2026-06-24,398.8995397536783,0.3988995397536783,49.34535083314062,38.805760603758046,Medium,Electricity Maps
DE,2026-06-24 01:08:22.458888,2026-06-24,543.4497824072045,0.5434497824072044,45.43273302018719,48.94555444265765,High,Electricity Maps
US-CA-CISO,2026-06-24 00:08:22.459786,2026-06-24,286.78728247296084,0.2867872824729608,64.19622129699084,41.50675225486981,Medium,Electricity Maps
US-PJM,2026-06-24 00:08:22.459786,2026-06-24,533.2123227795469,0.5332123227795469,61.67051959969464,48.08041536902131,High,Electricity Maps
GB,2026-06-24 00:08:22.459786,2026-06-24,549.6412359000665,0.5496412359000665,44.79163078806451,47.40240393714019,High,Electricity Maps
DE,2026-06-24 00:08:22.459786,2026-06-24,454.53082918464077,0.45453082918464077,69.24114180711314,40.20635064167845,High,Electricity Maps
US-CA-CISO,2026-06-23 23:08:22.460773,2026-06-23,494.85587870550427,0.4948558787055043,31.853854022681347,31.439370877679792,High,Electricity Maps
US-PJM,2026-06-23 23:08:22.460773,2026-06-23,454.6133561426481,0.45461335614264814,32.86874718486116,38.85013889728499,High,Electricity Maps
GB,2026-06-23 23:08:22.460773,2026-06-23,200.92386660198434,0.20092386660198433,59.67540790706637,21.010570904860565,Medium,Electricity Maps
DE,2026-06-23 23:08:22.460773,2026-06-23,222.36829239460585,0.22236829239460584,49.63974306496837,45.158997659761106,Medium,Electricity Maps
US-CA-CISO,2026-06-23 22:08:22.462028,2026-06-23,272.8638528877265,0.2728638528877265,31.212265132095315,27.6930439179503,Medium,Electricity Maps
US-PJM,2026-06-23 22:08:22.462028,2026-06-23,326.03088765467317,0.32603088765467314,69.77523145411863,48.057568210168824,Medium,Electricity Maps
GB,2026-06-23 22:08:22.462028,2026-06-23,288.9679698418067,0.28896796984180667,69.96730553073019,47.44009987689569,Medium,Electricity Maps
DE,2026-06-23 22:08:22.462028,2026-06-23,299.1846636853734,0.2991846636853734,37.12998960179452,23.749102977687723,Medium,Electricity Maps
US-CA-CISO,2026-06-23 21:08:22.462992,2026-06-23,465.2020812045415,0.46520208120454154,53.88052259060524,43.39126681418674,High,Electricity Maps
US-PJM,2026-06-23 21:08:22.462992,2026-06-23,292.57585617815994,0.29257585617815995,41.06978178625375,27.253493281589073,Medium,Electricity Maps
GB,2026-06-23 21:08:22.462992,2026-06-23,262.00324419214394,0.26200324419214394,48.96241741038145,45.356781293321085,Medium,Electricity Maps
DE,2026-06-23 21:08:22.462992,2026-06-23,311.9967295717579,0.3119967295717579,56.60116593174557,41.86743678921154,Medium,Electricity Maps
US-CA-CISO,2026-06-23 20:08:22.463891,2026-06-23,447.75323669637476,0.44775323669637473,51.383197561720735,23.672670926604066,High,Electricity Maps
US-PJM,2026-06-23 20:08:22.463891,2026-06-23,520.0363446074525,0.5200363446074525,35.670749757475626,47.19631843283915,High,Electricity Maps
GB,2026-06-23 20:08:22.463891,2026-06-23,563.6387318738778,0.5636387318738778,46.45510672860374,22.043047052093367,High,Electricity Maps
DE,2026-06-23 20:08:22.463891,2026-06-23,583.1505255658835,0.5831505255658835,58.35811293689153,25.40418130327083,High,Electricity Maps
US-CA-CISO,2026-06-23 19:08:22.464828,2026-06-23,399.6081779244644,0.3996081779244644,69.40476570232516,26.301906983242926,Medium,Electricity Maps
US-PJM,2026-06-23 19:08:22.464828,2026-06-23,403.89746096647514,0.40389746096647516,44.05325454134459,28.81812098024743,High,Electricity Maps
GB,2026-06-23 19:08:22.464828,2026-06-23,572.5113517227937,0.5725113517227938,35.85435686179659,31.419392264160876,High,Electricity Maps
DE,2026-06-23 19:08:22.464828,2026-06-23,547.0950936573909,0.5470950936573908,32.41581825949701,43.85345406520322,High,Electricity Maps
US-CA-CISO,2026-06-23 18:08:22.465859,2026-06-23,513.829507111147,0.5138295071111469,32.296682444120705,32.11133597013216,High,Electricity Maps
US-PJM,2026-06-23 18:08:22.465859,2026-06-23,265.07819821939245,0.26507819821939244,66.26311208641039,38.76097642988014,Medium,Electricity Maps
GB,2026-06-23 18:08:22.465859,2026-06-23,203.0042830870149,0.2030042830870149,64.77891165159905,23.454725060942444,Medium,Electricity Maps
DE,2026-06-23 18:08:22.465859,2026-06-23,220.19451543182652,0.22019451543182653,64.56580073172402,49.276479904152175,Medium,Electricity Maps
US-CA-CISO,2026-06-23 17:08:22.466735,2026-06-23,484.93066190047796,0.48493066190047796,69.86841201144222,42.54473807580287,High,Electricity Maps
US-PJM,2026-06-23 17:08:22.466735,2026-06-23,208.36119196745585,0.20836119196745584,69.05420740553272,21.326200470325762,Medium,Electricity Maps
GB,2026-06-23 17:08:22.466735,2026-06-23,219.21565559688102,0.21921565559688103,52.87793054477604,48.01527279205273,Medium,Electricity Maps
DE,2026-06-23 17:08:22.466735,2026-06-23,430.10590535991264,0.43010590535991267,61.18162863046482,24.311280743923035,High,Electricity Maps
US-CA-CISO,2026-06-23 16:08:22.467793,2026-06-23,237.09979452633718,0.23709979452633717,44.85707710185508,37.58885746580746,Medium,Electricity Maps
US-PJM,2026-06-23 16:08:22.467793,2026-06-23,560.1088688862676,0.5601088688862677,61.511764648358835,33.96976149189368,High,Electricity Maps
GB,2026-06-23 16:08:22.467793,2026-06-23,360.0986975432347,0.3600986975432347,54.21474807902099,28.855051390456026,Medium,Electricity Maps
DE,2026-06-23 16:08:22.467793,2026-06-23,346.5734643863592,0.3465734643863592,32.89866443911254,29.94273433482441,Medium,Electricity Maps
US-CA-CISO,2026-06-23 15:08:22.468704,2026-06-23,342.4878252015734,0.3424878252015734,50.45755951258917,38.603644980842994,Medium,Electricity Maps
US-PJM,2026-06-23 15:08:22.468704,2026-06-23,554.3173266742415,0.5543173266742415,68.23647495480311,32.00406591809991,High,Electricity Maps
GB,2026-06-23 15:08:22.468704,2026-06-23,391.3775527094682,0.3913775527094682,59.016332009823635,37.499437523216116,Medium,Electricity Maps
DE,2026-06-23 15:08:22.468704,2026-06-23,410.18142626690553,0.4101814262669055,38.337509466676536,36.306064872296965,High,Electricity Maps
US-CA-CISO,2026-06-23 14:08:22.469599,2026-06-23,246.1077563522022,0.2461077563522022,55.22551297017683,34.73795007699874,Medium,Electricity Maps
US-PJM,2026-06-23 14:08:22.469599,2026-06-23,580.1740578037214,0.5801740578037214,64.10620466782855,49.254798468988184,High,Electricity Maps
GB,2026-06-23 14:08:22.469599,2026-06-23,581.9991729558315,0.5819991729558315,68.04080495550716,26.386942041783925,High,Electricity Maps
DE,2026-06-23 14:08:22.469599,2026-06-23,282.64349514794867,0.2826434951479487,42.44783760288254,39.65318089010243,Medium,Electricity Maps
US-CA-CISO,2026-06-23 13:08:22.470603,2026-06-23,548.8249595754356,0.5488249595754356,36.39128623403302,44.49450388136212,High,Electricity Maps
US-PJM,2026-06-23 13:08:22.470603,2026-06-23,372.71864042984345,0.37271864042984343,63.686236970156706,26.388195983899163,Medium,Electricity Maps
GB,2026-06-23 13:08:22.470603,2026-06-23,236.1705766964802,0.2361705766964802,44.50060238092231,25.1574307927026,Medium,Electricity Maps
DE,2026-06-23 13:08:22.470603,2026-06-23,289.58259173897545,0.28958259173897544,63.18275918065605,36.37974106701718,Medium,Electricity Maps
US-CA-CISO,2026-06-23 12:08:22.471546,2026-06-23,269.81619888569736,0.26981619888569736,47.36333274366602,47.5510192344202,Medium,Electricity Maps
US-PJM,2026-06-23 12:08:22.471546,2026-06-23,327.5952324946181,0.3275952324946181,49.224384812790774,31.50586074397276,Medium,Electricity Maps
GB,2026-06-23 12:08:22.471546,2026-06-23,352.17931816675895,0.35217931816675896,42.26656572939599,34.72092895761891,Medium,Electricity Maps
DE,2026-06-23 12:08:22.471546,2026-06-23,213.8784564104417,0.21387845641044168,69.93935446558496,45.62474430318034,Medium,Electricity Maps
US-CA-CISO,2026-06-23 11:08:22.472426,2026-06-23,335.14811806835456,0.33514811806835454,33.229451509780084,34.730669151345666,Medium,Electricity Maps
US-PJM,2026-06-23 11:08:22.472426,2026-06-23,482.6826153465118,0.4826826153465118,38.20260146431585,24.1303566410757,High,Electricity Maps
GB,2026-06-23 11:08:22.472426,2026-06-23,225.974434603698,0.225974434603698,48.46044435052792,39.21965533487206,Medium,Electricity Maps
DE,2026-06-23 11:08:22.472426,2026-06-23,419.0031012646796,0.41900310126467954,63.03680587399123,36.482165234028685,High,Electricity Maps
US-CA-CISO,2026-06-23 10:08:22.473363,2026-06-23,408.6867249740425,0.40868672497404246,61.91410338987799,25.905153506939044,High,Electricity Maps
US-PJM,2026-06-23 10:08:22.473363,2026-06-23,466.6191677933175,0.4666191677933175,57.12092359451847,39.517815589562765,High,Electricity Maps
GB,2026-06-23 10:08:22.473363,2026-06-23,507.1068085425594,0.5071068085425594,33.875403592432164,31.03266776005369,High,Electricity Maps
DE,2026-06-23 10:08:22.473363,2026-06-23,454.1885329783995,0.4541885329783995,68.54175305507056,29.392407421650514,High,Electricity Maps
US-CA-CISO,2026-06-23 09:08:22.474258,2026-06-23,256.5287915148391,0.2565287915148391,61.06249932532098,46.086901763699956,Medium,Electricity Maps
US-PJM,2026-06-23 09:08:22.474258,2026-06-23,488.7550217460443,0.4887550217460443,53.5323513012858,20.54042261610123,High,Electricity Maps
GB,2026-06-23 09:08:22.474258,2026-06-23,322.97640829408266,0.32297640829408264,65.63091980463497,48.82009822037614,Medium,Electricity Maps
DE,2026-06-23 09:08:22.474258,2026-06-23,252.65601451368912,0.25265601451368913,63.003233289658446,46.98091840980114,Medium,Electricity Maps
US-CA-CISO,2026-06-23 08:08:22.475175,2026-06-23,519.4554232896176,0.5194554232896176,40.79765634715305,26.575198737805763,High,Electricity Maps
US-PJM,2026-06-23 08:08:22.475175,2026-06-23,501.43292225449784,0.5014329222544979,52.1804663881244,36.72460819733486,High,Electricity Maps
GB,2026-06-23 08:08:22.475175,2026-06-23,412.11810186591896,0.41211810186591896,33.19602542399287,35.295651866268585,High,Electricity Maps
DE,2026-06-23 08:08:22.475175,2026-06-23,400.6967821890556,0.40069678218905563,48.236205658090796,39.619592858762076,High,Electricity Maps
US-CA-CISO,2026-06-23 07:08:22.476102,2026-06-23,270.3910381133163,0.27039103811331633,63.131749372327,46.76556050807072,Medium,Electricity Maps
US-PJM,2026-06-23 07:08:22.476102,2026-06-23,417.00593030627977,0.41700593030627975,33.840086995503945,47.00051580514386,High,Electricity Maps
GB,2026-06-23 07:08:22.476102,2026-06-23,404.71808564775995,0.40471808564775996,56.076820411402934,26.584651143494455,High,Electricity Maps
DE,2026-06-23 07:08:22.476102,2026-06-23,310.21392574348295,0.31021392574348294,53.79828939090048,46.11985769716584,Medium,Electricity Maps
US-CA-CISO,2026-06-23 06:08:22.476995,2026-06-23,377.78375340068317,0.37778375340068315,59.99006332660397,33.21553984648001,Medium,Electricity Maps
US-PJM,2026-06-23 06:08:22.476995,2026-06-23,306.82829148336185,0.3068282914833618,66.08486366685764,22.504943970663405,Medium,Electricity Maps
GB,2026-06-23 06:08:22.476995,2026-06-23,421.51619599646057,0.42151619599646056,45.109185723579245,30.3720017235787,High,Electricity Maps
DE,2026-06-23 06:08:22.476995,2026-06-23,352.0964631826312,0.3520964631826312,40.58635992633451,45.70271109684209,Medium,Electricity Maps
US-CA-CISO,2026-06-23 05:08:22.477895,2026-06-23,440.46927122995845,0.44046927122995844,48.886492960662764,20.245674739316858,High,Electricity Maps
US-PJM,2026-06-23 05:08:22.477895,2026-06-23,235.63735382450687,0.23563735382450687,32.56266734885063,30.159399370188893,Medium,Electricity Maps
GB,2026-06-23 05:08:22.477895,2026-06-23,479.0862606251962,0.4790862606251962,33.430203163331115,40.324234187573005,High,Electricity Maps
DE,2026-06-23 05:08:22.477895,2026-06-23,402.2572525434663,0.4022572525434663,57.087335798032385,42.35472184039524,High,Electricity Maps
US-CA-CISO,2026-06-23 04:08:22.478753,2026-06-23,324.99914635670336,0.32499914635670335,31.577319498350125,26.849582968745363,Medium,Electricity Maps
US-PJM,2026-06-23 04:08:22.478753,2026-06-23,564.5491297804979,0.5645491297804979,45.14762886122199,31.072480970591943,High,Electricity Maps
GB,2026-06-23 04:08:22.478753,2026-06-23,229.36909143598268,0.2293690914359827,45.34074606087602,33.95395856889482,Medium,Electricity Maps
DE,2026-06-23 04:08:22.478753,2026-06-23,574.6447220623986,0.5746447220623986,61.575165642809154,37.69523212267295,High,Electricity Maps
US-CA-CISO,2026-06-23 03:08:22.479623,2026-06-23,474.6821686277351,0.4746821686277351,52.61452125527798,43.23080394196049,High,Electricity Maps
US-PJM,2026-06-23 03:08:22.479623,2026-06-23,234.37876778218643,0.23437876778218644,61.268548349870464,29.63292209304092,Medium,Electricity Maps
GB,2026-06-23 03:08:22.479623,2026-06-23,213.65165598591224,0.21365165598591224,62.59658142280333,44.97167688101566,Medium,Electricity Maps
DE,2026-06-23 03:08:22.479623,2026-06-23,598.9861518389904,0.5989861518389904,59.26876655243954,20.215388279777905,High,Electricity Maps
US-CA-CISO,2026-06-23 02:08:22.480528,2026-06-23,523.3856814755698,0.5233856814755697,47.42830034176727,33.1567761063354,High,Electricity Maps
US-PJM,2026-06-23 02:08:22.480528,2026-06-23,254.02632941379485,0.2540263294137949,49.48713337867399,21.359212871966662,Medium,Electricity Maps
GB,2026-06-23 02:08:22.480528,2026-06-23,400.50444127905996,0.40050444127906,47.391077939307124,36.048029308604896,High,Electricity Maps
DE,2026-06-23 02:08:22.480528,2026-06-23,539.5969240393674,0.5395969240393674,52.17592432029248,25.534720679478326,High,Electricity Maps
US-CA-CISO,2026-06-23 01:08:22.481377,2026-06-23,285.1033472710087,0.2851033472710087,35.32017586473851,49.40400165074834,Medium,Electricity Maps
US-PJM,2026-06-23 01:08:22.481377,2026-06-23,302.4954677945617,0.3024954677945617,58.50624189202568,28.702798827073178,Medium,Electricity Maps
GB,2026-06-23 01:08:22.481377,2026-06-23,235.09359844708007,0.23509359844708008,63.42273591682131,34.21267049158851,Medium,Electricity Maps
DE,2026-06-23 01:08:22.481377,2026-06-23,547.2853800196544,0.5472853800196544,39.16511922585522,27.98429850711394,High,Electricity Maps
US-CA-CISO,2026-06-23 00:08:22.482258,2026-06-23,533.789450764699,0.5337894507646991,68.05293892203426,34.288131368099336,High,Electricity Maps
US-PJM,2026-06-23 00:08:22.482258,2026-06-23,376.04569549016355,0.37604569549016353,39.42113986047019,24.30608149114171,Medium,Electricity Maps
GB,2026-06-23 00:08:22.482258,2026-06-23,348.2521701565343,0.3482521701565343,67.64638551246736,39.50264833848247,Medium,Electricity Maps
DE,2026-06-23 00:08:22.482258,2026-06-23,490.980229850578,0.490980229850578,46.26813582406894,33.59412912620214,High,Electricity Maps
